head,relation,tail,label
dt_O15244,drug,drug_13597,1
dt_P46059,drug,drug_27447,1
dt_P08183,drug,drug_15938,1
dt_O15245,drug,drug_4091,1
dt_P08183,drug,drug_3676,1
dt_Q8TCC7,drug,drug_1175,1
dt_Q8TCC7,drug,drug_43708,1
dt_P08183,drug,drug_5757,1
dt_Q9UIG8,drug,drug_5280723,1
dt_Q92887,drug,drug_41867,1
dt_P53985,drug,drug_9883933,1
dt_P46721,drug,drug_4112,1
dt_P08183,drug,drug_3348,1
dt_Q0GE19,drug,drug_23925,1
dt_P08183,drug,drug_3025986,1
dt_Q86UW2,drug,drug_23666345,1
dt_O15440,drug,drug_23700083,1
dt_P33527,drug,drug_84691,1
dt_Q9UPY5,drug,drug_33032,1
dt_Q9UNQ0,drug,drug_11103,1
dt_Q7RTY1,drug,drug_10917,1
dt_Q9Y694,drug,drug_135398508,1
dt_Q8TCC7,drug,drug_5039,1
dt_O15439,drug,drug_1701,1
dt_P08183,drug,drug_6456014,1
dt_P08183,drug,drug_54454,1
dt_Q9NSA0,drug,drug_35370,1
dt_P08183,drug,drug_44187,1
dt_P46721,drug,drug_5280360,1
dt_Q6U841,drug,drug_516892,1
dt_Q02978,drug,drug_51,1
dt_Q92887,drug,drug_150311,1
dt_Q4U2R8,drug,drug_65625,1
dt_P08183,drug,drug_3372,1
dt_Q92887,drug,drug_84691,1
dt_Q99808,drug,drug_158795,1
dt_O15244,drug,drug_3446,1
dt_Q9UNQ0,drug,drug_6842999,1
dt_P50443,drug,drug_1117,1
dt_Q8N370,drug,drug_6306,1
dt_P08183,drug,drug_5281239,1
dt_P08183,drug,drug_3386,1
dt_P08183,drug,drug_932,1
dt_Q9NPD5,drug,drug_60822,1
dt_Q9Y226,drug,drug_33032,1
dt_P53985,drug,drug_31703,1
dt_Q9UNQ0,drug,drug_4583,1
dt_P46059,drug,drug_33255,1
dt_O15438,drug,drug_3385,1
dt_Q9Y6L6,drug,drug_221493,1
dt_O15244,drug,drug_2130,1
dt_Q969I6,drug,drug_5961,1
dt_Q14542,drug,drug_135398508,1
dt_P46059,drug,drug_5311447,1
dt_Q8TCC7,drug,drug_2754,1
dt_Q9UNQ0,drug,drug_10288191,1
dt_O94956,drug,drug_23666345,1
dt_P08183,drug,drug_5281878,1
dt_Q92887,drug,drug_11167602,1
dt_P08183,drug,drug_5997,1
dt_Q9UGQ3,drug,drug_108223,1
dt_Q9Y6R1,drug,drug_516892,1
dt_P08183,drug,drug_10096344,1
dt_P08183,drug,drug_11228183,1
dt_Q9NPD5,drug,drug_12594,1
dt_O15439,drug,drug_78759347,1
dt_Q4U2R8,drug,drug_3440,1
dt_Q12908,drug,drug_3035026,1
dt_Q9UNQ0,drug,drug_2720,1
dt_P08183,drug,drug_462382,1
dt_Q9UNQ0,drug,drug_6442661,1
dt_P08183,drug,drug_441300,1
dt_P53985,drug,drug_338,1
dt_P08183,drug,drug_54687,1
dt_Q96Q91,drug,drug_516892,1
dt_Q9UP95,drug,drug_4873,1
dt_Q9Y6L6,drug,drug_44470395,1
dt_P12236,drug,drug_190,1
dt_Q9UNQ0,drug,drug_36314,1
dt_Q9NPD5,drug,drug_644241,1
dt_Q9UNQ0,drug,drug_5282451,1
dt_P08183,drug,drug_16076883,1
dt_Q4U2R8,drug,drug_3383,1
dt_Q9UNQ0,drug,drug_77999,1
dt_P08183,drug,drug_54675776,1
dt_Q9UNQ0,drug,drug_132127,1
dt_Q4U2R8,drug,drug_5280360,1
dt_Q16348,drug,drug_5311447,1
dt_P08183,drug,drug_11243969,1
dt_P08183,drug,drug_54680692,1
dt_P08183,drug,drug_2803,1
dt_A1A5C7,drug,drug_5002,1
dt_P08183,drug,drug_5481350,1
dt_Q8TCC7,drug,drug_65625,1
dt_Q9UNQ0,drug,drug_13342,1
dt_P46721,drug,drug_6282,1
dt_O15439,drug,drug_130881,1
dt_P08183,drug,drug_92727,1
dt_Q9UNQ0,drug,drug_135565082,1
dt_P46721,drug,drug_68770,1
dt_P08183,drug,drug_84691,1
dt_O15245,drug,drug_3343,1
dt_P08183,drug,drug_3085416,1
dt_P08183,drug,drug_45110509,1
dt_Q9UNQ0,drug,drug_4112,1
dt_Q9Y6L6,drug,drug_3657,1
dt_O75751,drug,drug_4091,1
dt_P08183,drug,drug_54677972,1
dt_P08183,drug,drug_656406,1
dt_P33527,drug,drug_3085416,1
dt_P46059,drug,drug_5462501,1
dt_O15245,drug,drug_5927,1
dt_Q9Y6L6,drug,drug_6450551,1
dt_P08183,drug,drug_2157,1
dt_Q9NPD5,drug,drug_2754,1
dt_O15245,drug,drug_3494,1
dt_Q9UNQ0,drug,drug_84691,1
dt_P43007,drug,drug_5950,1
dt_P33527,drug,drug_3685,1
dt_Q9NSA0,drug,drug_3001028,1
dt_Q9UNQ0,drug,drug_176870,1
dt_Q96J66,drug,drug_5718,1
dt_P08183,drug,drug_9832912,1
dt_P48065,drug,drug_247,1
dt_Q8TCC7,drug,drug_446157,1
dt_Q9NPD5,drug,drug_3310,1
dt_Q86UK0,drug,drug_5997,1
dt_P08183,drug,drug_5870,1
dt_Q76EJ3,drug,drug_8629,1
dt_Q9UNQ0,drug,drug_5329102,1
dt_O95342,drug,drug_6675,1
dt_Q86UW1,drug,drug_6675,1
dt_P08183,drug,drug_5839,1
dt_O15440,drug,drug_60837,1
dt_P33527,drug,drug_2771,1
dt_Q9Y2C5,drug,drug_2244,1
dt_P48751,drug,drug_769,1
dt_Q92887,drug,drug_5361871,1
dt_Q16348,drug,drug_2609,1
dt_Q9UNQ0,drug,drug_667490,1
dt_A0AV02,drug,drug_14180,1
dt_O75751,drug,drug_774,1
dt_Q9UNQ0,drug,drug_5291,1
dt_P08183,drug,drug_3823,1
dt_Q9UNQ0,drug,drug_5281707,1
dt_O15438,drug,drug_64139,1
dt_P08183,drug,drug_54841,1
dt_Q70HW3,drug,drug_34755,1
dt_P08183,drug,drug_4058,1
dt_Q9H936,drug,drug_33032,1
dt_P08183,drug,drug_54726191,1
dt_Q9NPD5,drug,drug_3657,1
dt_O76082,drug,drug_4873,1
dt_P08183,drug,drug_4893,1
dt_Q9NP78,drug,drug_148123,1
dt_Q8TCC7,drug,drug_23665721,1
dt_P46059,drug,drug_6335986,1
dt_Q9NRA2,drug,drug_943,1
dt_Q13336,drug,drug_11719,1
dt_Q9Y6L6,drug,drug_159594,1
dt_Q92887,drug,drug_221493,1
dt_P33527,drug,drug_31703,1
dt_Q96J66,drug,drug_4112,1
dt_Q9UNQ0,drug,drug_9808998,1
dt_Q9Y6L6,drug,drug_216239,1
dt_Q16348,drug,drug_107807,1
dt_Q9Y6L6,drug,drug_5287969,1
dt_Q9UNQ0,drug,drug_148160,1
dt_Q9Y6L6,drug,drug_54687,1
dt_Q9UNQ0,drug,drug_24812758,1
dt_P33527,drug,drug_4212,1
dt_Q6ICL7,drug,drug_9068,1
dt_P08183,drug,drug_9574768,1
dt_P08183,drug,drug_1236,1
dt_Q92887,drug,drug_3310,1
dt_Q92887,drug,drug_6918204,1
dt_O15245,drug,drug_2771,1
dt_P08183,drug,drug_72519,1
dt_Q86UW1,drug,drug_5280360,1
dt_Q9UNQ0,drug,drug_123631,1
dt_Q9Y6L6,drug,drug_5281887,1
dt_Q9UNQ0,drug,drug_24826799,1
dt_O75751,drug,drug_2803,1
dt_Q92887,drug,drug_6456014,1
dt_O15245,drug,drug_1978,1
dt_Q8TCC7,drug,drug_5881,1
dt_Q9HAS3,drug,drug_119182,1
dt_P08183,drug,drug_135398737,1
dt_Q92887,drug,drug_101068009,1
dt_P08183,drug,drug_5284514,1
dt_P08183,drug,drug_72474,1
dt_Q9NPD5,drug,drug_3062,1
dt_Q9Y6L6,drug,drug_11626560,1
dt_Q96BD0,drug,drug_5280360,1
dt_Q9NSA0,drug,drug_5280363,1
dt_P08183,drug,drug_5358,1
dt_P33527,drug,drug_3310,1
dt_Q9Y6L6,drug,drug_150311,1
dt_Q9UNQ0,drug,drug_101524,1
dt_P08183,drug,drug_4463,1
dt_P08183,drug,drug_3333,1
dt_Q16348,drug,drug_47499,1
dt_Q8TCC7,drug,drug_3001028,1
dt_P46721,drug,drug_4911,1
dt_P46059,drug,drug_188803,1
dt_P08183,drug,drug_3345,1
dt_Q5T3U5,drug,drug_2733525,1
dt_P46721,drug,drug_213039,1
dt_Q9Y694,drug,drug_5280360,1
dt_Q86UW2,drug,drug_5280360,1
dt_P31645,drug,drug_4640,1
dt_Q9UNQ0,drug,drug_5362420,1
dt_P08183,drug,drug_3385,1
dt_Q9Y6L6,drug,drug_5920,1
dt_P08183,drug,drug_448537,1
dt_Q6YBV0,drug,drug_6305,1
dt_Q6ZQN7,drug,drug_5920,1
dt_P08183,drug,drug_56959087,1
dt_Q96FL8,drug,drug_3001028,1
dt_P08183,drug,drug_5329102,1
dt_O15439,drug,drug_20279,1
dt_P08183,drug,drug_5035,1
dt_P08183,drug,drug_5865,1
dt_O94956,drug,drug_33032,1
dt_P11166,drug,drug_24577,1
dt_Q9HAB3,drug,drug_493570,1
dt_Q8TCC7,drug,drug_5904,1
dt_P46059,drug,drug_5282242,1
dt_Q8TCC7,drug,drug_4766,1
dt_Q9NPD5,drug,drug_450096,1
dt_O15244,drug,drug_774,1
dt_Q9NRA2,drug,drug_188803,1
dt_Q4U2R8,drug,drug_130881,1
dt_P04920,drug,drug_769,1
dt_Q6NT16,drug,drug_1103,1
dt_P46059,drug,drug_44093,1
dt_Q9Y6L6,drug,drug_3383,1
dt_Q9UNQ0,drug,drug_16741,1
dt_O43868,drug,drug_6029,1
dt_Q9Y6L6,drug,drug_4112,1
dt_Q96J66,drug,drug_64987,1
dt_P08183,drug,drug_446156,1
dt_P41440,drug,drug_4112,1
dt_Q9Y2C5,drug,drug_3672,1
dt_Q8TD20,drug,drug_108223,1
dt_Q9UNQ0,drug,drug_5283560,1
dt_Q96BD0,drug,drug_5904,1
dt_O15245,drug,drug_5413,1
dt_P08183,drug,drug_3517,1
dt_P46721,drug,drug_1176,1
dt_Q9BXS9,drug,drug_769,1
dt_O15439,drug,drug_6675,1
dt_Q9NUT2,drug,drug_31703,1
dt_O76082,drug,drug_2520,1
dt_Q92887,drug,drug_59844,1
dt_Q8TE54,drug,drug_769,1
dt_Q96FL8,drug,drug_5413,1
dt_Q9NYB5,drug,drug_5819,1
dt_Q99808,drug,drug_596,1
dt_P31641,drug,drug_239,1
dt_Q96FL8,drug,drug_4993,1
dt_P08183,drug,drug_6918289,1
dt_Q9UNQ0,drug,drug_130881,1
dt_O60669,drug,drug_60822,1
dt_Q14916,drug,drug_2244,1
dt_P08183,drug,drug_10294813,1
dt_P08183,drug,drug_65889,1
dt_P46721,drug,drug_2764,1
dt_Q8TCC7,drug,drug_130881,1
dt_P08183,drug,drug_596,1
dt_Q9UNQ0,drug,drug_2756,1
dt_O15244,drug,drug_46220502,1
dt_Q9UNQ0,drug,drug_2336,1
dt_Q9UNQ0,drug,drug_135440466,1
dt_P33527,drug,drug_2148,1
dt_P08183,drug,drug_3002190,1
dt_Q8WWT9,drug,drug_51,1
dt_Q9UNQ0,drug,drug_3255,1
dt_P46721,drug,drug_9848818,1
dt_O15245,drug,drug_5078,1
dt_Q9UNQ0,drug,drug_65217,1
dt_Q9NPD5,drug,drug_3062316,1
dt_P08183,drug,drug_6917778,1
dt_Q9UGH3,drug,drug_54670067,1
dt_Q9NPD5,drug,drug_5291,1
dt_Q6ZSM3,drug,drug_586,1
dt_O43826,drug,drug_5958,1
dt_P08183,drug,drug_2249,1
dt_Q86UW2,drug,drug_6675,1
dt_Q96FL8,drug,drug_13597,1
dt_Q96NT5,drug,drug_148121,1
dt_Q9UNQ0,drug,drug_41867,1
dt_Q9H015,drug,drug_596,1
dt_A6NNN8,drug,drug_33032,1
dt_Q9UNQ0,drug,drug_54675776,1
dt_Q96FL8,drug,drug_6257,1
dt_P46721,drug,drug_2663,1
dt_Q9Y6L6,drug,drug_9577124,1
dt_P08183,drug,drug_5568,1
dt_Q92887,drug,drug_4488490,1
dt_P33527,drug,drug_2725,1
dt_Q9NPD5,drug,drug_11431716,1
dt_P08183,drug,drug_4932,1
dt_P08183,drug,drug_3685,1
dt_Q8TCC7,drug,drug_33255,1
dt_O15439,drug,drug_5280363,1
dt_P08183,drug,drug_24978538,1
dt_P08183,drug,drug_135565082,1
dt_P46059,drug,drug_6321416,1
dt_O15439,drug,drug_5280360,1
dt_Q09428,drug,drug_5505,1
dt_P08183,drug,drug_43725,1
dt_Q96FL8,drug,drug_71329,1
dt_Q4U2R8,drug,drug_76806,1
dt_P08183,drug,drug_11556711,1
dt_O15432,drug,drug_84691,1
dt_P33527,drug,drug_104842,1
dt_Q4U2R8,drug,drug_446541,1
dt_O15245,drug,drug_2803,1
dt_P08183,drug,drug_171548,1
dt_P08183,drug,drug_150311,1
dt_Q96FL8,drug,drug_23700083,1
dt_Q9NPD5,drug,drug_6282,1
dt_O15245,drug,drug_5578,1
dt_Q9NPD5,drug,drug_130881,1
dt_Q9Y6L6,drug,drug_9833444,1
dt_P08183,drug,drug_5351322,1
dt_Q92887,drug,drug_64142,1
dt_Q9UNQ0,drug,drug_2764,1
dt_O15439,drug,drug_472335,1
dt_Q9UIG8,drug,drug_5904,1
dt_Q8IWA5,drug,drug_305,1
dt_Q9NPD5,drug,drug_446156,1
dt_O15245,drug,drug_60825,1
dt_Q9NPD5,drug,drug_135398735,1
dt_O15245,drug,drug_35370,1
dt_Q8TCC7,drug,drug_2655,1
dt_P08183,drug,drug_457193,1
dt_O15375,drug,drug_4911,1
dt_Q4U2R8,drug,drug_5718,1
dt_O76082,drug,drug_135398508,1
dt_O15439,drug,drug_60837,1
dt_P08183,drug,drug_57697,1
dt_O60706,drug,drug_5505,1
dt_Q92887,drug,drug_24360,1
dt_O15439,drug,drug_221493,1
dt_Q9NPD5,drug,drug_23666345,1
dt_Q9Y6L6,drug,drug_44187,1
dt_P46721,drug,drug_5282451,1
dt_O76082,drug,drug_7045767,1
dt_Q01650,drug,drug_3446,1
dt_Q9UNQ0,drug,drug_54454,1
dt_P08183,drug,drug_52918379,1
dt_Q8WWI5,drug,drug_305,1
dt_Q9Y6L6,drug,drug_11431716,1
dt_P08183,drug,drug_5281881,1
dt_O76082,drug,drug_72324,1
dt_O15245,drug,drug_5291,1
dt_Q9BXS9,drug,drug_1117,1
dt_Q9Y345,drug,drug_4158,1
dt_P33527,drug,drug_11243969,1
dt_O76082,drug,drug_5487427,1
dt_P08183,drug,drug_72111,1
dt_Q9UNQ0,drug,drug_216239,1
dt_Q92887,drug,drug_43805,1
dt_P08183,drug,drug_9810929,1
dt_P08183,drug,drug_42611257,1
dt_Q06495,drug,drug_24456,1
dt_O15245,drug,drug_5748,1
dt_O15245,drug,drug_5487427,1
dt_P46059,drug,drug_9369,1
dt_P08183,drug,drug_1464,1
dt_P33527,drug,drug_72474,1
dt_Q9UNQ0,drug,drug_4212,1
dt_Q8NFH8,drug,drug_5329102,1
dt_P49281,drug,drug_23925,1
dt_Q14542,drug,drug_6256,1
dt_P46721,drug,drug_65999,1
dt_O95255,drug,drug_2333,1
dt_Q92887,drug,drug_216239,1
dt_Q8NDX2,drug,drug_33032,1
dt_Q7RTY1,drug,drug_1175,1
dt_O15245,drug,drug_4513,1
dt_P08183,drug,drug_5978,1
dt_Q05940,drug,drug_5202,1
dt_O60669,drug,drug_338,1
dt_P08183,drug,drug_1972,1
dt_Q92887,drug,drug_3001028,1
dt_P46059,drug,drug_6713928,1
dt_O15245,drug,drug_6918554,1
dt_Q96QD8,drug,drug_5961,1
dt_Q92887,drug,drug_72938,1
dt_Q5T3U5,drug,drug_36314,1
dt_O15245,drug,drug_2520,1
dt_Q14973,drug,drug_6675,1
dt_P08183,drug,drug_1775,1
dt_Q8TCC7,drug,drug_4112,1
dt_Q01959,drug,drug_3007,1
dt_Q7RTT9,drug,drug_4091,1
dt_Q9UNQ0,drug,drug_60699,1
dt_O15438,drug,drug_3310,1
dt_O43868,drug,drug_135398508,1
dt_Q15758,drug,drug_135398741,1
dt_P21439,drug,drug_13342,1
dt_P08183,drug,drug_4679,1
dt_Q9UNQ0,drug,drug_5978,1
dt_Q12908,drug,drug_23666345,1
dt_O15245,drug,drug_5358,1
dt_Q9Y6L6,drug,drug_5311309,1
dt_P08183,drug,drug_5328940,1
dt_Q16348,drug,drug_3420,1
dt_Q9NPD5,drug,drug_148123,1
dt_Q92887,drug,drug_31703,1
dt_O94956,drug,drug_5339,1
dt_P54219,drug,drug_297812,1
dt_P08183,drug,drug_2307,1
dt_Q92887,drug,drug_644077,1
dt_Q4U2R8,drug,drug_33613,1
dt_Q9UNQ0,drug,drug_11167602,1
dt_Q9UIG8,drug,drug_54313,1
dt_O94911,drug,drug_23666345,1
dt_Q8NCS7,drug,drug_305,1
dt_Q9UNQ0,drug,drug_5280343,1
dt_P33527,drug,drug_60699,1
dt_P08183,drug,drug_5478883,1
dt_O94956,drug,drug_4075,1
dt_Q92887,drug,drug_5284645,1
dt_Q9HAS3,drug,drug_2723601,1
dt_Q8N695,drug,drug_104745,1
dt_O15439,drug,drug_24360,1
dt_Q8TE54,drug,drug_943,1
dt_O94956,drug,drug_5281040,1
dt_Q9UNQ0,drug,drug_45375806,1
dt_Q9Y6L6,drug,drug_3310,1
dt_P08183,drug,drug_5959,1
dt_Q92887,drug,drug_2610,1
dt_P46059,drug,drug_5743,1
dt_Q9Y694,drug,drug_2471,1
dt_P46721,drug,drug_5291,1
dt_Q86VL8,drug,drug_2756,1
dt_Q01650,drug,drug_5961,1
dt_Q92887,drug,drug_14982,1
dt_Q9Y6L6,drug,drug_443874,1
dt_O15440,drug,drug_135398658,1
dt_P41440,drug,drug_101068009,1
dt_Q9Y6L6,drug,drug_5281078,1
dt_O15245,drug,drug_43805,1
dt_O00337,drug,drug_6256,1
dt_O15438,drug,drug_135398658,1
dt_Q9UNQ0,drug,drug_237,1
dt_O15245,drug,drug_4748,1
dt_Q01959,drug,drug_11978813,1
dt_Q9UNQ0,drug,drug_1175,1
dt_O15244,drug,drug_84691,1
dt_O94956,drug,drug_3488,1
dt_Q9UHC9,drug,drug_5997,1
dt_Q9Y694,drug,drug_35370,1
dt_O15438,drug,drug_10140,1
dt_Q9NSA0,drug,drug_54687,1
dt_O15245,drug,drug_2249,1
dt_P08183,drug,drug_3957,1
dt_P08183,drug,drug_4748,1
dt_Q01650,drug,drug_6106,1
dt_P08183,drug,drug_60822,1
dt_O43868,drug,drug_135398739,1
dt_Q9UNQ0,drug,drug_439530,1
dt_Q12908,drug,drug_221493,1
dt_P08183,drug,drug_55191,1
dt_Q9UNQ0,drug,drug_124886,1
dt_Q9UIG8,drug,drug_3001028,1
dt_O94956,drug,drug_446157,1
dt_Q92887,drug,drug_2554,1
dt_Q4U2R8,drug,drug_4021,1
dt_O15244,drug,drug_681,1
dt_Q13621,drug,drug_5234,1
dt_P08183,drug,drug_446,1
dt_Q92887,drug,drug_60613,1
dt_Q86VD7,drug,drug_317,1
dt_O15438,drug,drug_193962,1
dt_P08183,drug,drug_1234,1
dt_P08183,drug,drug_2771,1
dt_Q16348,drug,drug_6249,1
dt_O95255,drug,drug_105111,1
dt_Q99808,drug,drug_667490,1
dt_O60312,drug,drug_5327011,1
dt_Q9NPD5,drug,drug_124886,1
dt_Q9BXI2,drug,drug_6322,1
dt_O15375,drug,drug_2471,1
dt_P08183,drug,drug_6434889,1
dt_Q92887,drug,drug_3385,1
dt_P46059,drug,drug_38103,1
dt_O00624,drug,drug_2148,1
dt_O15439,drug,drug_118879755,1
dt_Q9UHI5,drug,drug_6305,1
dt_P08183,drug,drug_59708,1
dt_O15438,drug,drug_105111,1
dt_Q9NPD5,drug,drug_5352062,1
dt_A6NK97,drug,drug_3001028,1
dt_Q96FL8,drug,drug_60699,1
dt_P08183,drug,drug_124886,1
dt_O15438,drug,drug_150311,1
dt_P46721,drug,drug_446157,1
dt_Q9H2Y9,drug,drug_5280360,1
dt_O60779,drug,drug_4091,1
dt_Q9Y6L6,drug,drug_213039,1
dt_Q9NPD5,drug,drug_11967809,1
dt_Q96FL8,drug,drug_6333901,1
dt_Q92887,drug,drug_104842,1
dt_Q92887,drug,drug_2909,1
dt_Q9Y6L6,drug,drug_104842,1
dt_P30531,drug,drug_119,1
dt_P08183,drug,drug_4946,1
dt_Q16348,drug,drug_5362065,1
dt_O15245,drug,drug_13597,1
dt_Q9P2U8,drug,drug_33032,1
dt_Q9UNQ0,drug,drug_5281081,1
dt_P33527,drug,drug_2520,1
dt_Q99624,drug,drug_135398658,1
dt_P46059,drug,drug_139030315,1
dt_O15245,drug,drug_5610,1
dt_Q9UNQ0,drug,drug_64987,1
dt_Q12908,drug,drug_6675,1
dt_P08183,drug,drug_33624,1
dt_P08183,drug,drug_9829523,1
dt_O94956,drug,drug_3062,1
dt_P08183,drug,drug_135445694,1
dt_Q05940,drug,drug_1206,1
dt_O15438,drug,drug_5281887,1
dt_P46059,drug,drug_5904,1
dt_P46059,drug,drug_5281037,1
dt_O94956,drug,drug_3310,1
dt_P46721,drug,drug_5281040,1
dt_O15245,drug,drug_4768,1
dt_P35670,drug,drug_84691,1
dt_Q9BZD2,drug,drug_20279,1
dt_P78363,drug,drug_5327011,1
dt_P08183,drug,drug_107715,1
dt_O15244,drug,drug_60825,1
dt_Q8TCC7,drug,drug_5280360,1
dt_Q7Z2H8,drug,drug_137,1
dt_O60669,drug,drug_3121,1
dt_Q9Y694,drug,drug_2244,1
dt_Q9Y2W3,drug,drug_108223,1
dt_Q5T3U5,drug,drug_148123,1
dt_Q96FL8,drug,drug_4913,1
dt_Q9NPD5,drug,drug_5282452,1
dt_Q92887,drug,drug_72276,1
dt_O76082,drug,drug_4992,1
dt_Q9H2B4,drug,drug_71081,1
dt_P46059,drug,drug_6398970,1
dt_P46721,drug,drug_149096,1
dt_P48664,drug,drug_33032,1
dt_P33527,drug,drug_5978,1
dt_Q9NPD5,drug,drug_5280352,1
dt_P46059,drug,drug_3420,1
dt_P46059,drug,drug_91270,1
dt_P08183,drug,drug_24826799,1
dt_P08183,drug,drug_4053,1
dt_O75387,drug,drug_6140,1
dt_P46059,drug,drug_5355,1
dt_Q9UNQ0,drug,drug_441300,1
dt_Q9Y289,drug,drug_9883933,1
dt_O15245,drug,drug_84691,1
dt_P08183,drug,drug_5281884,1
dt_Q9UNQ0,drug,drug_119182,1
dt_O95342,drug,drug_150311,1
dt_P08183,drug,drug_9578507,1
dt_P11166,drug,drug_108223,1
dt_P52569,drug,drug_6262,1
dt_P08183,drug,drug_9875401,1
dt_P08183,drug,drug_5405,1
dt_P08183,drug,drug_5991,1
dt_P08183,drug,drug_24873435,1
dt_Q9UNQ0,drug,drug_101068009,1
dt_O95528,drug,drug_108223,1
dt_P08183,drug,drug_149096,1
dt_O15245,drug,drug_596,1
dt_P08183,drug,drug_57347,1
dt_Q9UNQ0,drug,drug_6918412,1
dt_O15439,drug,drug_5280343,1
dt_Q9UNQ0,drug,drug_9574768,1
dt_P46721,drug,drug_2148,1
dt_O15245,drug,drug_2083,1
dt_P08183,drug,drug_1935,1
dt_Q92887,drug,drug_78759347,1
dt_P08183,drug,drug_2678,1
dt_Q16348,drug,drug_33613,1
dt_Q96J66,drug,drug_5881,1
dt_P08183,drug,drug_6305,1
dt_P46721,drug,drug_10140,1
dt_Q9UNQ0,drug,drug_148202,1
dt_O15438,drug,drug_14982,1
dt_Q99808,drug,drug_60961,1
dt_Q92887,drug,drug_185617,1
dt_Q96BD0,drug,drug_3001028,1
dt_Q86VL8,drug,drug_4913,1
dt_Q9H598,drug,drug_119,1
dt_P08183,drug,drug_5756,1
dt_P82251,drug,drug_9750,1
dt_Q9NPD5,drug,drug_3255,1
dt_O15439,drug,drug_2148,1
dt_P08183,drug,drug_5280343,1
dt_Q9UNQ0,drug,drug_2909,1
dt_O95342,drug,drug_54687,1
dt_Q4U2R8,drug,drug_442530,1
dt_P33527,drug,drug_2710,1
dt_Q8TCC7,drug,drug_2471,1
dt_P46721,drug,drug_3348,1
dt_P08183,drug,drug_5039,1
dt_Q9UNQ0,drug,drug_5281708,1
dt_Q9Y6L6,drug,drug_60726,1
dt_Q92887,drug,drug_23666345,1
dt_Q01959,drug,drug_681,1
dt_O94956,drug,drug_9821849,1
dt_Q6YBV0,drug,drug_145742,1
dt_P08183,drug,drug_3715,1
dt_Q9H1K4,drug,drug_33032,1
dt_Q9NY91,drug,drug_108223,1
dt_P08183,drug,drug_4212,1
dt_Q9BZC7,drug,drug_5997,1
dt_O15244,drug,drug_4946,1
dt_P08183,drug,drug_5396,1
dt_O15439,drug,drug_6076,1
dt_Q9UNQ0,drug,drug_443292,1
dt_P53985,drug,drug_1060,1
dt_P08183,drug,drug_2794,1
dt_Q9UNQ0,drug,drug_3663,1
dt_P08183,drug,drug_5755,1
dt_O15245,drug,drug_16230,1
dt_P33527,drug,drug_41867,1
dt_Q8TE54,drug,drug_71081,1
dt_P57057,drug,drug_1061,1
dt_Q9NSA0,drug,drug_33032,1
dt_P08183,drug,drug_4411,1
dt_P08183,drug,drug_2733525,1
dt_O15439,drug,drug_1548885,1
dt_P08183,drug,drug_65957,1
dt_O95255,drug,drug_84691,1
dt_P08183,drug,drug_60857,1
dt_P08183,drug,drug_11626560,1
dt_Q9NPD5,drug,drug_5904,1
dt_Q9UNQ0,drug,drug_3685,1
dt_O94956,drug,drug_5280360,1
dt_P08183,drug,drug_43815,1
dt_Q8IVM8,drug,drug_54687,1
dt_Q9UNQ0,drug,drug_3037,1
dt_Q92887,drug,drug_135398561,1
dt_P46059,drug,drug_4171,1
dt_O15245,drug,drug_5403,1
dt_P08183,drug,drug_56640146,1
dt_Q9BZD2,drug,drug_6245,1
dt_P08183,drug,drug_71144,1
dt_P08183,drug,drug_44462760,1
dt_P08183,drug,drug_208908,1
dt_Q9Y6L6,drug,drug_5280879,1
dt_O94911,drug,drug_442530,1
dt_P08183,drug,drug_13342,1
dt_Q96NT5,drug,drug_135398658,1
dt_Q9UNQ0,drug,drug_644241,1
dt_Q9NPD5,drug,drug_5311309,1
dt_Q969I6,drug,drug_5950,1
dt_Q9UNQ0,drug,drug_446155,1
dt_Q9NPD5,drug,drug_2100,1
dt_Q9UNQ0,drug,drug_135398508,1
dt_P46721,drug,drug_2708,1
dt_Q9NPD5,drug,drug_3222,1
dt_Q9HAS3,drug,drug_667490,1
dt_Q2M3G0,drug,drug_31703,1
dt_Q8TCC7,drug,drug_135401907,1
dt_O15245,drug,drug_4893,1
dt_Q9UNQ0,drug,drug_10184653,1
dt_P08183,drug,drug_11949646,1
dt_Q14542,drug,drug_119182,1
dt_P78382,drug,drug_448209,1
dt_P46059,drug,drug_3041,1
dt_Q9UNQ0,drug,drug_219023,1
dt_Q92887,drug,drug_92727,1
dt_Q4U2R8,drug,drug_60172,1
dt_P21439,drug,drug_5312125,1
dt_Q86YT5,drug,drug_160419,1
dt_Q15849,drug,drug_11719,1
dt_P46721,drug,drug_1978,1
dt_P08183,drug,drug_4369359,1
dt_P08183,drug,drug_45375806,1
dt_Q4U2R8,drug,drug_23665721,1
dt_Q16348,drug,drug_19003,1
dt_Q9UNQ0,drug,drug_92727,1
dt_Q2M3M2,drug,drug_108223,1
dt_Q9UNQ0,drug,drug_64142,1
dt_Q96FL8,drug,drug_2719,1
dt_P08183,drug,drug_5408,1
dt_Q53GD3,drug,drug_6042,1
dt_P45844,drug,drug_5997,1
dt_P08183,drug,drug_441207,1
dt_Q92887,drug,drug_3121,1
dt_P46059,drug,drug_65028,1
dt_O94956,drug,drug_135449332,1
dt_P08183,drug,drug_5097,1
dt_Q92887,drug,drug_5339,1
dt_Q9UNQ0,drug,drug_5287969,1
dt_Q05940,drug,drug_297812,1
dt_P11169,drug,drug_108223,1
dt_O00476,drug,drug_1061,1
dt_Q16348,drug,drug_5282242,1
dt_P08183,drug,drug_56959,1
dt_Q9Y694,drug,drug_3385,1
dt_Q9NPD5,drug,drug_42008,1
dt_P46721,drug,drug_12594,1
dt_O43868,drug,drug_5064,1
dt_O94911,drug,drug_2148,1
dt_Q9NPD5,drug,drug_3032,1
dt_O94956,drug,drug_11965427,1
dt_O15427,drug,drug_612,1
dt_O15244,drug,drug_297812,1
dt_Q9NPD5,drug,drug_5329102,1
dt_Q9UNQ0,drug,drug_5408,1
dt_Q9Y2C5,drug,drug_1061,1
dt_Q9Y6L6,drug,drug_6675,1
dt_P08183,drug,drug_6445540,1
dt_P33527,drug,drug_5280879,1
dt_Q9Y226,drug,drug_5960,1
dt_P08183,drug,drug_6918097,1
dt_O15245,drug,drug_6380,1
dt_Q01650,drug,drug_4715169,1
dt_Q96NT5,drug,drug_4112,1
dt_O15438,drug,drug_65359,1
dt_P08183,drug,drug_130881,1
dt_P46059,drug,drug_19003,1
dt_Q9NPD5,drug,drug_3081361,1
dt_Q92887,drug,drug_14888,1
dt_Q9NPD5,drug,drug_36314,1
dt_P08183,drug,drug_3016,1
dt_Q9Y694,drug,drug_23665721,1
dt_P08183,drug,drug_2756,1
dt_Q9UNQ0,drug,drug_60172,1
dt_P43004,drug,drug_33032,1
dt_O15245,drug,drug_838,1
dt_P08183,drug,drug_10219,1
dt_Q96FL8,drug,drug_4091,1
dt_Q9H015,drug,drug_5413,1
dt_P08183,drug,drug_3108,1
dt_P46059,drug,drug_135398741,1
dt_P08183,drug,drug_11561674,1
dt_Q9Y694,drug,drug_5039,1
dt_P08183,drug,drug_4507,1
dt_Q9UNQ0,drug,drug_60934,1
dt_Q9UNQ0,drug,drug_393111,1
dt_Q86VL8,drug,drug_13597,1
dt_Q9UNQ0,drug,drug_40854,1
dt_P46059,drug,drug_3961,1
dt_Q99808,drug,drug_3385,1
dt_Q9H015,drug,drug_72324,1
dt_Q92887,drug,drug_5281078,1
dt_P46721,drug,drug_60822,1
dt_Q92887,drug,drug_644241,1
dt_Q92887,drug,drug_124886,1
dt_O15244,drug,drug_5202,1
dt_P33527,drug,drug_3001028,1
dt_P46059,drug,drug_5362065,1
dt_P46059,drug,drug_441199,1
dt_Q9UNQ0,drug,drug_5052,1
dt_O15439,drug,drug_3385,1
dt_P46059,drug,drug_33613,1
dt_Q9UNQ0,drug,drug_24360,1
dt_P08183,drug,drug_3869,1
dt_P08183,drug,drug_64727,1
dt_P11166,drug,drug_5280343,1
dt_P08183,drug,drug_6456015,1
dt_P33527,drug,drug_60172,1
dt_Q4U2R8,drug,drug_64987,1
dt_O15245,drug,drug_170361,1
dt_O15439,drug,drug_4112,1
dt_Q92887,drug,drug_148123,1
dt_P46721,drug,drug_3948,1
dt_P08183,drug,drug_5330286,1
dt_Q9P2U8,drug,drug_1061,1
dt_P08183,drug,drug_36511,1
dt_P08183,drug,drug_2119,1
dt_Q9UHW9,drug,drug_4873,1
dt_Q86VL8,drug,drug_5413,1
dt_O94956,drug,drug_60822,1
dt_O94956,drug,drug_9939627,1
dt_Q2M3M2,drug,drug_18950,1
dt_Q9Y6L6,drug,drug_5904,1
dt_Q9Y6L6,drug,drug_11250029,1
dt_Q9UHI5,drug,drug_6057,1
dt_O15245,drug,drug_2756,1
dt_Q9Y6L6,drug,drug_5281081,1
dt_P08183,drug,drug_5282443,1
dt_Q9Y6L6,drug,drug_3062316,1
dt_Q9UNQ0,drug,drug_9875401,1
dt_P08183,drug,drug_64142,1
dt_O94956,drug,drug_392622,1
dt_Q96FL8,drug,drug_15938,1
dt_O94956,drug,drug_446156,1
dt_Q8TCC7,drug,drug_54675776,1
dt_P08183,drug,drug_2265,1
dt_O15245,drug,drug_3114,1
dt_O15438,drug,drug_5288826,1
dt_P08183,drug,drug_5746,1
dt_P08183,drug,drug_4499,1
dt_P46059,drug,drug_107807,1
dt_Q8TCC7,drug,drug_5282451,1
dt_Q9Y6L6,drug,drug_5284616,1
dt_Q92887,drug,drug_2148,1
dt_P48065,drug,drug_305,1
dt_O75746,drug,drug_33032,1
dt_Q92887,drug,drug_4075,1
dt_P08183,drug,drug_72287,1
dt_P46059,drug,drug_5339,1
dt_O15438,drug,drug_185617,1
dt_Q9Y6L6,drug,drug_443289,1
dt_Q9NPD5,drug,drug_159594,1
dt_Q96A29,drug,drug_135412609,1
dt_P08183,drug,drug_5452,1
dt_Q9Y6L6,drug,drug_10140,1
dt_P08183,drug,drug_9871419,1
dt_P08183,drug,drug_10280735,1
dt_P08183,drug,drug_3793,1
dt_P08183,drug,drug_2160,1
dt_Q15758,drug,drug_10917,1
dt_Q9UNQ0,drug,drug_9915861,1
dt_P08183,drug,drug_5281078,1
dt_Q9UNQ0,drug,drug_9832912,1
dt_Q9Y6L6,drug,drug_36314,1
dt_P08183,drug,drug_5379,1
dt_Q7Z2H8,drug,drug_145742,1
dt_P46721,drug,drug_5282452,1
dt_P46059,drug,drug_44097,1
dt_O00341,drug,drug_33032,1
dt_Q92887,drug,drug_3383,1
dt_Q92887,drug,drug_446157,1
dt_P08183,drug,drug_2801,1
dt_Q8N8R3,drug,drug_6322,1
dt_Q9UNQ0,drug,drug_11315474,1
dt_Q9UNQ0,drug,drug_60837,1
dt_Q9Y6L6,drug,drug_11525740,1
dt_P46059,drug,drug_72172,1
dt_O75751,drug,drug_3306,1
dt_Q9UNQ0,drug,drug_5396,1
dt_Q9Y2C5,drug,drug_54687,1
dt_Q9NPD5,drug,drug_65999,1
dt_P11166,drug,drug_5793,1
dt_Q9Y6L6,drug,drug_644241,1
dt_P08183,drug,drug_64718,1
dt_P46059,drug,drug_5484727,1
dt_Q9UNQ0,drug,drug_9547096,1
dt_P57057,drug,drug_5958,1
dt_Q9HAS3,drug,drug_135398508,1
dt_Q9NPD5,drug,drug_104842,1
dt_O15439,drug,drug_667490,1
dt_O15438,drug,drug_6675,1
dt_O15245,drug,drug_8249,1
dt_Q9Y694,drug,drug_54675776,1
dt_P08183,drug,drug_2909,1
dt_Q8TCC7,drug,drug_4369359,1
dt_P46721,drug,drug_11965427,1
dt_Q9UNQ0,drug,drug_4893,1
dt_P08183,drug,drug_3324,1
dt_Q9GZV3,drug,drug_80058,1
dt_O15244,drug,drug_5280363,1
dt_Q9Y6L6,drug,drug_22624,1
dt_O15245,drug,drug_3410,1
dt_Q86YT5,drug,drug_31348,1
dt_Q4U2R8,drug,drug_5280723,1
dt_P08183,drug,drug_54746,1
dt_Q16348,drug,drug_135398508,1
dt_O15438,drug,drug_4112,1
dt_P08183,drug,drug_10350481,1
dt_P08183,drug,drug_114743,1
dt_Q9UNQ0,drug,drug_72402,1
dt_Q9Y6L6,drug,drug_5280352,1
dt_O15439,drug,drug_10140,1
dt_P08183,drug,drug_124087,1
dt_Q16348,drug,drug_135398741,1
dt_P08183,drug,drug_135423438,1
dt_O15440,drug,drug_3383,1
dt_Q9Y6L6,drug,drug_148202,1
dt_P08183,drug,drug_216326,1
dt_O75387,drug,drug_6306,1
dt_Q92887,drug,drug_392622,1
dt_P08183,drug,drug_3041,1
dt_P08183,drug,drug_89921642,1
dt_Q15758,drug,drug_145068,1
dt_O15244,drug,drug_4885,1
dt_P08183,drug,drug_213039,1
dt_P46059,drug,drug_5362118,1
dt_P08183,drug,drug_443946,1
dt_Q8NA29,drug,drug_5311264,1
dt_Q8WWX8,drug,drug_892,1
dt_P08183,drug,drug_6918554,1
dt_P08183,drug,drug_9574101,1
dt_P08183,drug,drug_5002,1
dt_P08183,drug,drug_3062,1
dt_Q92887,drug,drug_4763,1
dt_P55017,drug,drug_2471,1
dt_Q9UNQ0,drug,drug_23700083,1
dt_P08183,drug,drug_4539,1
dt_P08183,drug,drug_163659,1
dt_Q9NVC3,drug,drug_5961,1
dt_Q9Y694,drug,drug_135401907,1
dt_P08183,drug,drug_2351,1
dt_Q9Y6L6,drug,drug_9912743,1
dt_P43007,drug,drug_71077,1
dt_P46059,drug,drug_42008,1
dt_Q8IY50,drug,drug_6042,1
dt_P08183,drug,drug_3559,1
dt_O15245,drug,drug_3878,1
dt_P08183,drug,drug_969516,1
dt_Q9Y6L6,drug,drug_5329102,1
dt_Q8TCC7,drug,drug_135398741,1
dt_Q9Y6L6,drug,drug_6917707,1
dt_P08183,drug,drug_3961,1
dt_Q9UNQ0,drug,drug_5583,1
dt_P08183,drug,drug_4594,1
dt_P46721,drug,drug_5920,1
dt_Q92887,drug,drug_6072,1
dt_P08183,drug,drug_5052,1
dt_P33527,drug,drug_9832136,1
dt_P46721,drug,drug_60934,1
dt_P08183,drug,drug_444,1
dt_P08183,drug,drug_42107,1
dt_P53985,drug,drug_171548,1
dt_P31641,drug,drug_1123,1
dt_Q9UNQ0,drug,drug_5282452,1
dt_O15244,drug,drug_5413,1
dt_P08183,drug,drug_10206,1
dt_Q9Y6L6,drug,drug_92727,1
dt_P08183,drug,drug_1978,1
dt_Q9NWF4,drug,drug_493570,1
dt_Q92887,drug,drug_135398658,1
dt_Q9Y6L6,drug,drug_123631,1
dt_O43868,drug,drug_667490,1
dt_Q9NPD5,drug,drug_5408,1
dt_P08183,drug,drug_6439929,1
dt_Q9Y6L6,drug,drug_148123,1
dt_P08183,drug,drug_35370,1
dt_P08183,drug,drug_148123,1
dt_P23975,drug,drug_3007,1
dt_O15245,drug,drug_2536,1
dt_P46721,drug,drug_443289,1
dt_Q8TCC7,drug,drug_5773,1
dt_P08183,drug,drug_54697325,1
dt_Q8TCC7,drug,drug_2609,1
dt_P08183,drug,drug_110635,1
dt_Q9UNQ0,drug,drug_6456014,1
dt_Q92887,drug,drug_60172,1
dt_P08183,drug,drug_3033832,1
dt_Q96S37,drug,drug_1175,1
dt_Q99808,drug,drug_6256,1
dt_P08183,drug,drug_68770,1
dt_Q4U2R8,drug,drug_65028,1
dt_O15244,drug,drug_2756,1
dt_P33527,drug,drug_5362440,1
dt_Q9UNQ0,drug,drug_444,1
dt_P08183,drug,drug_6918493,1
dt_P08183,drug,drug_448799,1
dt_O94956,drug,drug_65999,1
dt_O75751,drug,drug_135398508,1
dt_P11166,drug,drug_440667,1
dt_Q9Y6L6,drug,drug_104978,1
dt_Q92887,drug,drug_60837,1
dt_P08183,drug,drug_108000,1
dt_Q9Y6L6,drug,drug_5280360,1
dt_O94956,drug,drug_441290,1
dt_Q8TCC7,drug,drug_3325,1
dt_Q8TF71,drug,drug_6305,1
dt_P08183,drug,drug_5523,1
dt_O15245,drug,drug_4735,1
dt_Q9UNQ0,drug,drug_135409535,1
dt_Q96FL8,drug,drug_23665721,1
dt_Q9NSD5,drug,drug_239,1
dt_Q9UNQ0,drug,drug_11949646,1
dt_Q16348,drug,drug_72172,1
dt_Q15758,drug,drug_23665721,1
dt_O15245,drug,drug_6333901,1
dt_P08183,drug,drug_5288826,1
dt_Q92887,drug,drug_16741,1
dt_O15244,drug,drug_71329,1
dt_Q4U2R8,drug,drug_23700083,1
dt_O15439,drug,drug_35370,1
dt_O15440,drug,drug_4112,1
dt_O15244,drug,drug_4054,1
dt_P43003,drug,drug_33032,1
dt_Q8WUM9,drug,drug_1061,1
dt_P08183,drug,drug_3001028,1
dt_O15438,drug,drug_11542188,1
dt_P08183,drug,drug_462199,1
dt_Q9UKG4,drug,drug_1117,1
dt_Q9UNQ0,drug,drug_3488,1
dt_O15245,drug,drug_4168,1
dt_Q92959,drug,drug_5280363,1
dt_Q4U2R8,drug,drug_441129,1
dt_Q9UNQ0,drug,drug_2733525,1
dt_Q92959,drug,drug_5280723,1
dt_Q12908,drug,drug_222528,1
dt_O95477,drug,drug_5997,1
dt_O15439,drug,drug_97226,1
dt_Q8TCC7,drug,drug_35370,1
dt_P46721,drug,drug_3229,1
dt_Q6NT16,drug,drug_1102,1
dt_Q9UBD6,drug,drug_222,1
dt_O15439,drug,drug_65028,1
dt_P46721,drug,drug_5284631,1
dt_P21439,drug,drug_36314,1
dt_P08183,drug,drug_6197,1
dt_Q8TCC7,drug,drug_442530,1
dt_Q9Y6L6,drug,drug_4075,1
dt_Q9UNQ0,drug,drug_54684141,1
dt_P08183,drug,drug_4736,1
dt_Q92959,drug,drug_5280360,1
dt_Q7Z2H8,drug,drug_750,1
dt_Q9Y6L6,drug,drug_65981,1
dt_Q8TCC7,drug,drug_3440,1
dt_Q92887,drug,drug_5282451,1
dt_O94956,drug,drug_23684123,1
dt_P46059,drug,drug_443874,1
dt_Q15758,drug,drug_23700083,1
dt_P08183,drug,drug_134780,1
dt_Q7RTT9,drug,drug_5202,1
dt_Q9NPD5,drug,drug_446155,1
dt_P33527,drug,drug_60934,1
dt_Q9UNQ0,drug,drug_135449332,1
dt_Q92887,drug,drug_65217,1
dt_Q9NPD5,drug,drug_446157,1
dt_Q14973,drug,drug_446156,1
dt_Q9UNQ0,drug,drug_148123,1
dt_Q86UW1,drug,drug_3001028,1
dt_P08183,drug,drug_53229972,1
dt_P08183,drug,drug_5433,1
dt_P08183,drug,drug_5464184,1
dt_Q9UHI5,drug,drug_145742,1
dt_P08183,drug,drug_2247,1
dt_P22732,drug,drug_5984,1
dt_O75751,drug,drug_3520,1
dt_Q9UNQ0,drug,drug_3108,1
dt_Q9UNQ0,drug,drug_4971,1
dt_Q9UNQ0,drug,drug_43805,1
dt_Q9Y6L6,drug,drug_3962,1
dt_P33527,drug,drug_148123,1
dt_Q9NP78,drug,drug_36314,1
dt_P08183,drug,drug_4112,1
dt_O15439,drug,drug_3035026,1
dt_Q92887,drug,drug_5280360,1
dt_Q92887,drug,drug_446156,1
dt_P08183,drug,drug_65217,1
dt_O94956,drug,drug_68770,1
dt_P48065,drug,drug_72324,1
dt_O15245,drug,drug_1102,1
dt_Q92887,drug,drug_23665721,1
dt_P08183,drug,drug_4163,1
dt_P08183,drug,drug_2019,1
dt_Q92887,drug,drug_60846,1
dt_O95907,drug,drug_999,1
dt_O15244,drug,drug_43805,1
dt_Q9NP58,drug,drug_5362420,1
dt_Q9UNQ0,drug,drug_185617,1
dt_P08183,drug,drug_2966,1
dt_Q9UNQ0,drug,drug_3062316,1
dt_Q9UHI5,drug,drug_750,1
dt_O15244,drug,drug_72324,1
dt_Q9UNQ0,drug,drug_60825,1
dt_O15245,drug,drug_23700083,1
dt_Q9UNQ0,drug,drug_72474,1
dt_O15439,drug,drug_124886,1
dt_Q16348,drug,drug_137,1
dt_Q96JT2,drug,drug_5988,1
dt_Q9BQT8,drug,drug_51,1
dt_P08183,drug,drug_56008,1
dt_O75751,drug,drug_5234,1
dt_Q86UW2,drug,drug_3062,1
dt_O75387,drug,drug_6287,1
dt_Q92887,drug,drug_4212,1
dt_Q15758,drug,drug_135413534,1
dt_P08183,drug,drug_4497,1
dt_Q8NBW4,drug,drug_6322,1
dt_P33527,drug,drug_6167,1
dt_Q14542,drug,drug_596,1
dt_Q9Y6L6,drug,drug_60822,1
dt_P08183,drug,drug_179344,1
dt_O15244,drug,drug_5039,1
dt_Q14916,drug,drug_1061,1
dt_P33527,drug,drug_3383,1
dt_P08183,drug,drug_135413536,1
dt_P08183,drug,drug_5372,1
dt_Q9Y6L6,drug,drug_446155,1
dt_Q9UNQ0,drug,drug_11625818,1
dt_P08183,drug,drug_5280489,1
dt_P08183,drug,drug_2585,1
dt_Q9UNQ0,drug,drug_3001028,1
dt_Q92887,drug,drug_130881,1
dt_Q9NPD5,drug,drug_9833444,1
dt_Q92887,drug,drug_9848818,1
dt_Q9NYB5,drug,drug_5920,1
dt_O95436,drug,drug_24203,1
dt_Q96BD0,drug,drug_6675,1
dt_O94956,drug,drug_101068009,1
dt_P08183,drug,drug_4066,1
dt_Q9Y694,drug,drug_4112,1
dt_O76082,drug,drug_3746,1
dt_O15244,drug,drug_4091,1
dt_Q92887,drug,drug_3222,1
dt_P08183,drug,drug_2375,1
dt_P33527,drug,drug_2610,1
dt_P46059,drug,drug_11597698,1
dt_Q9UNQ0,drug,drug_5330286,1
dt_P08183,drug,drug_446512,1
dt_O94911,drug,drug_3001028,1
dt_Q9BQT8,drug,drug_71,1
dt_P08183,drug,drug_444795,1
dt_Q9UNQ0,drug,drug_11304743,1
dt_O15245,drug,drug_3348,1
dt_Q92887,drug,drug_135400182,1
dt_Q99808,drug,drug_5064,1
dt_P43005,drug,drug_33032,1
dt_Q9UNQ0,drug,drug_4993,1
dt_P08183,drug,drug_392622,1
dt_Q6PCB7,drug,drug_445639,1
dt_O15438,drug,drug_11431716,1
dt_Q495M3,drug,drug_6234,1
dt_Q9Y6L6,drug,drug_5282452,1
dt_O15440,drug,drug_129670681,1
dt_Q4U2R8,drug,drug_5280363,1
dt_Q9HBR0,drug,drug_5960,1
dt_O75751,drug,drug_3007,1
dt_P53794,drug,drug_892,1
dt_Q15758,drug,drug_71077,1
dt_P08183,drug,drug_59844,1
dt_O00337,drug,drug_60750,1
dt_O15440,drug,drug_667490,1
dt_Q92887,drug,drug_4112,1
dt_P08183,drug,drug_24821094,1
dt_P08183,drug,drug_4526,1
dt_O15438,drug,drug_3199,1
dt_P46059,drug,drug_135413534,1
dt_P08183,drug,drug_36314,1
dt_P08183,drug,drug_3062316,1
dt_O15375,drug,drug_5311309,1
dt_P08183,drug,drug_60699,1
dt_O43808,drug,drug_6083,1
dt_Q9NPD5,drug,drug_123631,1
dt_Q9UNQ0,drug,drug_9874913,1
dt_P08183,drug,drug_10090750,1
dt_Q9NPD5,drug,drug_3001028,1
dt_P08183,drug,drug_4456,1
dt_P55011,drug,drug_4873,1
dt_O76082,drug,drug_10917,1
dt_P08183,drug,drug_65028,1
dt_P46059,drug,drug_189729,1
dt_O15245,drug,drug_305,1
dt_P08183,drug,drug_6741,1
dt_Q92887,drug,drug_5280352,1
dt_Q9Y6L6,drug,drug_33255,1
dt_Q969S0,drug,drug_19235,1
dt_Q8TDB8,drug,drug_108223,1
dt_O75751,drug,drug_187,1
dt_P46721,drug,drug_221493,1
dt_P08183,drug,drug_521372,1
dt_Q9Y6L6,drug,drug_54454,1
dt_P08183,drug,drug_60606,1
dt_P46721,drug,drug_3657,1
dt_P08183,drug,drug_41867,1
dt_Q9UNQ0,drug,drug_60824,1
dt_Q9Y6L6,drug,drug_8982,1
dt_Q9UNQ0,drug,drug_2375,1
dt_O15245,drug,drug_4885,1
dt_P08183,drug,drug_131536,1
dt_Q496J9,drug,drug_681,1
dt_Q96BD0,drug,drug_5920,1
dt_Q9NPD5,drug,drug_10140,1
dt_P13866,drug,drug_17106,1
dt_P46059,drug,drug_3440,1
dt_Q5T3U5,drug,drug_64987,1
dt_O15245,drug,drug_155774,1
dt_P08183,drug,drug_10182969,1
dt_P08183,drug,drug_189821,1
dt_Q9UNQ0,drug,drug_44462760,1
dt_O76082,drug,drug_1,1
dt_Q9UNQ0,drug,drug_5997,1
dt_Q8TCC7,drug,drug_4021,1
dt_P46721,drug,drug_441290,1
dt_P08183,drug,drug_4474,1
dt_P46059,drug,drug_5773,1
dt_Q9H2D1,drug,drug_135398658,1
dt_Q8TCC7,drug,drug_65028,1
dt_P08183,drug,drug_183797,1
dt_O15245,drug,drug_4916,1
dt_Q9P2U7,drug,drug_33032,1
dt_P08183,drug,drug_115237,1
dt_Q9Y6L6,drug,drug_123623,1
dt_Q9HAS3,drug,drug_5064,1
dt_O15439,drug,drug_12594,1
dt_Q8TCC7,drug,drug_2148,1
dt_Q9NPD5,drug,drug_5920,1
dt_Q9H2X9,drug,drug_4873,1
dt_O00337,drug,drug_596,1
dt_Q9UNQ0,drug,drug_493570,1
dt_Q9UNQ0,drug,drug_445154,1
dt_P08183,drug,drug_60750,1
dt_P41440,drug,drug_135398658,1
dt_Q9UNQ0,drug,drug_208908,1
dt_P08183,drug,drug_2663,1
dt_Q9Y345,drug,drug_750,1
dt_Q9Y6L6,drug,drug_3081361,1
dt_Q9UHI7,drug,drug_54670067,1
dt_P33527,drug,drug_445154,1
dt_Q9UNQ0,drug,drug_6918249,1
dt_Q9UNQ0,drug,drug_5070,1
dt_Q92887,drug,drug_383414,1
dt_Q7Z2H8,drug,drug_3448,1
dt_Q9UNQ0,drug,drug_71188,1
dt_O15438,drug,drug_3348,1
dt_O60669,drug,drug_612,1
dt_Q4U2R8,drug,drug_33255,1
dt_P08183,drug,drug_39765,1
dt_Q9UNQ0,drug,drug_135400182,1
dt_Q9Y6L6,drug,drug_24873435,1
dt_O15245,drug,drug_6000,1
dt_P08183,drug,drug_446155,1
dt_P08183,drug,drug_60854,1
dt_Q8TCC7,drug,drug_11243969,1
dt_O15245,drug,drug_5280360,1
dt_Q16348,drug,drug_91270,1
dt_O94956,drug,drug_6675,1
dt_Q01959,drug,drug_2431,1
dt_O15245,drug,drug_3746,1
dt_P08183,drug,drug_30323,1
dt_Q13621,drug,drug_4873,1
dt_P08183,drug,drug_2443,1
dt_P53985,drug,drug_612,1
dt_O15245,drug,drug_2784,1
dt_P08183,drug,drug_21700,1
dt_Q8TCC7,drug,drug_64987,1
dt_Q9BZV2,drug,drug_4091,1
dt_Q92887,drug,drug_5282452,1
dt_Q9Y6L6,drug,drug_9825919,1
dt_Q9Y6L6,drug,drug_135398735,1
dt_O15245,drug,drug_187,1
dt_Q86YT5,drug,drug_51,1
dt_Q9Y6L6,drug,drug_104865,1
dt_Q8TCC7,drug,drug_6398970,1
dt_O15245,drug,drug_457,1
dt_P08183,drug,drug_71657455,1
dt_O15245,drug,drug_2995,1
dt_Q96FL8,drug,drug_60877,1
dt_Q92887,drug,drug_1775,1
dt_P08183,drug,drug_9881504,1
dt_O15439,drug,drug_445154,1
dt_Q96S37,drug,drug_135398752,1
dt_O15244,drug,drug_305,1
dt_Q9NPD5,drug,drug_5281078,1
dt_Q9UNQ0,drug,drug_3899,1
dt_P08183,drug,drug_3052762,1
dt_P08183,drug,drug_60837,1
dt_Q9Y6L6,drug,drug_5291,1
dt_P08183,drug,drug_3878,1
dt_P08183,drug,drug_5649,1
dt_P08183,drug,drug_5753,1
dt_O15244,drug,drug_11178236,1
dt_O76082,drug,drug_6263,1
dt_O75387,drug,drug_6106,1
dt_O94956,drug,drug_5282451,1
dt_Q6KCM7,drug,drug_1061,1
dt_Q9UNQ0,drug,drug_30323,1
dt_Q9UJS0,drug,drug_33032,1
dt_P08183,drug,drug_6917875,1
dt_P46721,drug,drug_6675,1
dt_P08183,drug,drug_6918155,1
dt_O15439,drug,drug_23700083,1
dt_P33527,drug,drug_124886,1
dt_O95342,drug,drug_23666345,1
dt_O15439,drug,drug_135398658,1
dt_P08183,drug,drug_636397,1
dt_Q9UNQ0,drug,drug_5281078,1
dt_Q9UNQ0,drug,drug_5339,1
dt_P33527,drug,drug_12594,1
dt_Q92887,drug,drug_3255,1
dt_P08183,drug,drug_54677971,1
dt_Q8TCU3,drug,drug_33032,1
dt_Q9NPD5,drug,drug_60846,1
dt_P08183,drug,drug_33613,1
dt_Q8N130,drug,drug_22340838,1
dt_P46059,drug,drug_3749,1
dt_P08183,drug,drug_6442177,1
dt_Q1EHB4,drug,drug_243,1
dt_P08183,drug,drug_104972,1
dt_Q4U2R8,drug,drug_2609,1
dt_O15245,drug,drug_4913,1
dt_P46721,drug,drug_3001028,1
dt_Q9NPD5,drug,drug_4112,1
dt_Q92887,drug,drug_10140,1
dt_Q9NYB5,drug,drug_5280360,1
dt_O94956,drug,drug_3001028,1
dt_O15245,drug,drug_4369359,1
dt_P08183,drug,drug_16220172,1
dt_P08183,drug,drug_5672,1
dt_P48065,drug,drug_750,1
dt_Q53GD3,drug,drug_305,1
dt_P08183,drug,drug_11525740,1
dt_P08183,drug,drug_3310,1
dt_O60669,drug,drug_5280343,1
dt_Q9UNQ0,drug,drug_35370,1
dt_Q8N695,drug,drug_9883933,1
dt_Q6PXP3,drug,drug_5984,1
dt_P46721,drug,drug_4411,1
dt_Q99808,drug,drug_135398508,1
dt_P08183,drug,drug_5279,1
dt_Q9UNQ0,drug,drug_4474,1
dt_Q9UNQ0,drug,drug_446156,1
dt_Q9UBX3,drug,drug_1117,1
dt_Q9NPD5,drug,drug_22624,1
dt_P08183,drug,drug_3151,1
dt_Q9NPD5,drug,drug_443289,1
dt_P13866,drug,drug_108223,1
dt_Q8N370,drug,drug_6140,1
dt_P48029,drug,drug_586,1
dt_O15439,drug,drug_2764,1
dt_P46721,drug,drug_72474,1
dt_Q14973,drug,drug_3001028,1
dt_P08183,drug,drug_5280880,1
dt_O15440,drug,drug_6076,1
dt_Q92887,drug,drug_9833444,1
dt_P08183,drug,drug_65016,1
dt_Q7Z2H8,drug,drug_5665,1
dt_Q9NPD5,drug,drug_104978,1
dt_Q9Y694,drug,drug_36314,1
dt_P08183,drug,drug_23725625,1
dt_O15245,drug,drug_12681891,1
dt_Q96Q91,drug,drug_11409499,0
dt_Q9BRV3,drug,drug_15353,0
dt_Q9BY07,drug,drug_54678486,0
dt_Q9Y2P5,drug,drug_1645,0
dt_P48764,drug,drug_131601,0
dt_Q70HW3,drug,drug_446541,0
dt_Q9BXS9,drug,drug_62115,0
dt_Q15043,drug,drug_11046097,0
dt_Q9NYG8,drug,drug_44566111,0
dt_Q9UBD6,drug,drug_283,0
dt_P12235,drug,drug_24479,0
dt_P07355,drug,drug_66255,0
dt_O15432,drug,drug_441308,0
dt_Q96CQ1,drug,drug_5328135,0
dt_Q9BZV2,drug,drug_6010,0
dt_Q6P1K1,drug,drug_25517,0
dt_Q9UP95,drug,drug_65827,0
dt_P48067,drug,drug_134158085,0
dt_Q9HAB3,drug,drug_50990924,0
dt_P07355,drug,drug_151177,0
dt_Q6P499,drug,drug_21218,0
dt_O00624,drug,drug_5312120,0
dt_Q9NY26,drug,drug_6093170,0
dt_Q86VD7,drug,drug_751,0
dt_Q6YBV0,drug,drug_8722,0
dt_O15439,drug,drug_24380,0
dt_Q9BY10,drug,drug_60712,0
dt_Q96JW4,drug,drug_56840877,0
dt_Q96DW6,drug,drug_11285588,0
dt_O95907,drug,drug_6557,0
dt_P35498,drug,drug_11808,0
dt_Q96BD0,drug,drug_8370,0
dt_Q9UBJ2,drug,drug_9948102,0
dt_P54219,drug,drug_23668479,0
dt_Q9P2U7,drug,drug_49,0
dt_Q8NFH8,drug,drug_8252,0
dt_P48066,drug,drug_91599,0
dt_Q14916,drug,drug_14265450,0
dt_Q14654,drug,drug_91613,0
dt_P19634,drug,drug_281,0
dt_Q08AI6,drug,drug_46224516,0
dt_Q9Y619,drug,drug_53235510,0
dt_P54707,drug,drug_6445562,0
dt_Q8NBS3,drug,drug_11210478,0
dt_Q9NTN3,drug,drug_68019246,0
dt_Q504Y0,drug,drug_308171,0
dt_O95258,drug,drug_7862,0
dt_O43868,drug,drug_53708,0
dt_Q05940,drug,drug_3035842,0
dt_Q96H72,drug,drug_6443767,0
dt_Q9H936,drug,drug_24580,0
dt_P32418,drug,drug_5184,0
dt_Q96N87,drug,drug_9281,0
dt_Q8NCK7,drug,drug_5280378,0
dt_Q3KNW5,drug,drug_3017,0
dt_Q9Y619,drug,drug_1054,0
dt_Q9UGH3,drug,drug_107781,0
dt_Q8NEW0,drug,drug_177352,0
dt_Q99808,drug,drug_9950925,0
dt_Q9NTN3,drug,drug_74002,0
dt_Q9Y6L6,drug,drug_5955,0
dt_Q9BSK2,drug,drug_34364,0
dt_Q96DW6,drug,drug_95609,0
dt_P46721,drug,drug_9298,0
dt_O15431,drug,drug_46213929,0
dt_Q96A46,drug,drug_9994897,0
dt_Q8WWZ4,drug,drug_3800,0
dt_Q13936,drug,drug_3050429,0
dt_A0AV02,drug,drug_40846579,0
dt_Q6NUK1,drug,drug_2007,0
dt_Q8TAD4,drug,drug_15487,0
dt_Q9BQT8,drug,drug_6099959,0
dt_Q695T7,drug,drug_6549,0
dt_P49279,drug,drug_12389,0
dt_Q9H015,drug,drug_24934,0
dt_Q15858,drug,drug_5126051,0
dt_Q9NPC2,drug,drug_6456,0
dt_P05141,drug,drug_447277,0
dt_Q96CQ1,drug,drug_160493,0
dt_Q9P2C5,drug,drug_10077147,0
dt_Q9H9B4,drug,drug_10614,0
dt_Q6PML9,drug,drug_10271028,0
dt_Q9NYZ2,drug,drug_34466,0
dt_P30825,drug,drug_10410511,0
dt_A0PJK1,drug,drug_66249,0
dt_Q9H598,drug,drug_3034010,0
dt_O60721,drug,drug_91565,0
dt_Q9UPI3,drug,drug_9661141,0
dt_P43003,drug,drug_11583423,0
dt_Q86UW1,drug,drug_5742832,0
dt_Q9NY26,drug,drug_6581,0
dt_O95436,drug,drug_56008,0
dt_O15440,drug,drug_68066,0
dt_Q9Y2E8,drug,drug_454858,0
dt_Q96JW4,drug,drug_15897,0
dt_P43004,drug,drug_26447,0
dt_Q13936,drug,drug_9301,0
dt_Q05940,drug,drug_124087,0
dt_Q15878,drug,drug_31703,0
dt_Q6NT16,drug,drug_148124,0
dt_O15244,drug,drug_16129670,0
dt_P55851,drug,drug_9578005,0
dt_Q7RTX9,drug,drug_8606,0
dt_Q96DW6,drug,drug_4273754,0
dt_Q3KNW5,drug,drug_33565,0
dt_P43005,drug,drug_16213095,0
dt_Q9H1V8,drug,drug_10328286,0
dt_P12236,drug,drug_6438354,0
dt_P16260,drug,drug_72390,0
dt_Q8TE54,drug,drug_13940,0
dt_P28288,drug,drug_14290,0
dt_Q5PT55,drug,drug_21958071,0
dt_O15438,drug,drug_16050824,0
dt_P19634,drug,drug_36314,0
dt_O14863,drug,drug_56851583,0
dt_Q9NSD5,drug,drug_65805,0
dt_P14672,drug,drug_5486195,0
dt_Q8IZM9,drug,drug_135411,0
dt_Q0GE19,drug,drug_135410911,0
dt_Q9UMX9,drug,drug_5282253,0
dt_P55851,drug,drug_53316710,0
dt_P36021,drug,drug_102004833,0
dt_Q9UBJ2,drug,drug_56928060,0
dt_Q5T3U5,drug,drug_9960660,0
dt_P05141,drug,drug_11957714,0
dt_Q8NEW0,drug,drug_5888,0
dt_Q16348,drug,drug_66320,0
dt_Q8N357,drug,drug_6473762,0
dt_Q12960,drug,drug_44428631,0
dt_Q14916,drug,drug_3510570,0
dt_Q13336,drug,drug_13135,0
dt_Q86UD5,drug,drug_23677676,0
dt_Q9NY16,drug,drug_169870,0
dt_Q9Y6L6,drug,drug_86280293,0
dt_P55017,drug,drug_14855,0
dt_Q8WUG5,drug,drug_135398748,0
dt_Q9UJS0,drug,drug_9684,0
dt_Q9NP58,drug,drug_5311382,0
dt_P33527,drug,drug_65124,0
dt_Q9UNQ0,drug,drug_8575,0
dt_O60706,drug,drug_135473061,0
dt_Q9H2H9,drug,drug_3705,0
dt_Q8N1S5,drug,drug_3813,0
dt_P48764,drug,drug_135398701,0
dt_P53794,drug,drug_105014,0
dt_Q5M8T2,drug,drug_14601425,0
dt_P35498,drug,drug_23665770,0
dt_Q12809,drug,drug_11396600,0
dt_Q9BZD2,drug,drug_54680692,0
dt_P46059,drug,drug_5895,0
dt_A6NNN8,drug,drug_68770,0
dt_Q96FL8,drug,drug_2826718,0
dt_Q9H0C2,drug,drug_21540,0
dt_Q9HC21,drug,drug_54889,0
dt_Q86VW1,drug,drug_277767,0
dt_Q9NTN3,drug,drug_2628,0
dt_P13569,drug,drug_5318624,0
dt_O75746,drug,drug_12251,0
dt_Q5T3U5,drug,drug_135449333,0
dt_Q9GZV3,drug,drug_445643,0
dt_Q9NQ40,drug,drug_27991,0
dt_Q695T7,drug,drug_7410,0
dt_P49279,drug,drug_59447577,0
dt_O60359,drug,drug_442971,0
dt_P50443,drug,drug_6323327,0
dt_Q9NY64,drug,drug_31268,0
dt_Q86UW2,drug,drug_498142,0
dt_Q8WWT9,drug,drug_12932,0
dt_Q9NP78,drug,drug_5311007,0
dt_Q9H598,drug,drug_65866,0
dt_Q969I6,drug,drug_457678,0
dt_P48067,drug,drug_68066,0
dt_Q9Y5Y0,drug,drug_7964,0
dt_P43003,drug,drug_2723842,0
dt_Q7LBE3,drug,drug_189821,0
dt_O14678,drug,drug_128016,0
dt_Q8N357,drug,drug_160876,0
dt_Q8WUX1,drug,drug_9825919,0
dt_Q9UPR5,drug,drug_3076,0
dt_Q92887,drug,drug_9952605,0
dt_Q6ZQN7,drug,drug_3080641,0
dt_Q70HW3,drug,drug_7586,0
dt_P58743,drug,drug_102144689,0
dt_Q9BY10,drug,drug_24180439,0
dt_Q12809,drug,drug_130821,0
dt_Q9NS40,drug,drug_500376,0
dt_Q6J4K2,drug,drug_62819,0
dt_Q8N1S5,drug,drug_9903778,0
dt_Q00975,drug,drug_40813,0
dt_P33527,drug,drug_126961754,0
dt_Q99808,drug,drug_2418,0
dt_Q9H0C2,drug,drug_135418940,0
dt_P43005,drug,drug_838,0
dt_Q86UW1,drug,drug_5712,0
dt_Q495N2,drug,drug_9064,0
dt_Q9C0K1,drug,drug_101993940,0
dt_Q96JT2,drug,drug_68827,0
dt_Q6KCM7,drug,drug_443445,0
dt_P41440,drug,drug_49792852,0
dt_Q9NSA0,drug,drug_3515,0
dt_P45844,drug,drug_20382,0
dt_Q9HCJ1,drug,drug_5311230,0
dt_Q9NUT2,drug,drug_16007240,0
dt_P31639,drug,drug_519103,0
dt_O75751,drug,drug_11644726,0
dt_Q9H310,drug,drug_14888,0
dt_P45844,drug,drug_17750929,0
dt_Q8TED4,drug,drug_11240576,0
dt_Q9NPC2,drug,drug_82533,0
dt_Q99726,drug,drug_163463,0
dt_Q13336,drug,drug_5496,0
dt_Q9BXS9,drug,drug_216326,0
dt_Q9UMX9,drug,drug_11884,0
dt_Q96GZ6,drug,drug_7153,0
dt_Q495N2,drug,drug_71750,0
dt_Q96N87,drug,drug_359,0
dt_P48065,drug,drug_5311007,0
dt_O95342,drug,drug_656954,0
dt_Q8WY07,drug,drug_65348,0
dt_Q9H936,drug,drug_5311498,0
dt_Q9ULF5,drug,drug_11407674,0
dt_Q02978,drug,drug_16136701,0
dt_Q9UN76,drug,drug_7090,0
dt_P14672,drug,drug_1179,0
dt_P41440,drug,drug_9849313,0
dt_Q9BY07,drug,drug_10281,0
dt_Q9Y2W3,drug,drug_8617,0
dt_Q15878,drug,drug_5087,0
dt_Q16348,drug,drug_65067,0
dt_Q92959,drug,drug_16748,0
dt_Q8NCS7,drug,drug_3544,0
dt_Q9BXI2,drug,drug_33,0
dt_P05141,drug,drug_21637538,0
dt_Q6P5W5,drug,drug_23056,0
dt_P78381,drug,drug_5311481,0
dt_Q53GD3,drug,drug_1548887,0
dt_Q7Z2H8,drug,drug_439423,0
dt_Q15758,drug,drug_1986,0
dt_Q04656,drug,drug_44301524,0
dt_P16260,drug,drug_3156,0
dt_P82251,drug,drug_5583,0
dt_P49279,drug,drug_16004692,0
dt_Q99808,drug,drug_9996305,0
dt_Q71RS6,drug,drug_5311108,0
dt_Q8WUM9,drug,drug_72222,0
dt_O15438,drug,drug_6057,0
dt_Q5K4L6,drug,drug_638144,0
dt_Q6P1K1,drug,drug_2230,0
dt_Q9Y694,drug,drug_13313,0
dt_Q9UIG8,drug,drug_4122,0
dt_Q8WUX1,drug,drug_11354606,0
dt_Q8NBW4,drug,drug_17903,0
dt_Q96QD8,drug,drug_2088,0
dt_P55916,drug,drug_60852,0
dt_Q96J66,drug,drug_3382,0
dt_Q16348,drug,drug_9870584,0
dt_P56381,drug,drug_2335,0
dt_P78381,drug,drug_6437354,0
dt_Q86UW2,drug,drug_5284462,0
dt_Q7Z2H8,drug,drug_45259401,0
dt_Q92504,drug,drug_568416,0
dt_Q9BZV2,drug,drug_8264,0
dt_Q9BV35,drug,drug_9865774,0
dt_Q9BYW1,drug,drug_66166,0
dt_Q5M8T2,drug,drug_5374527,0
dt_O00476,drug,drug_6720,0
dt_Q86UK0,drug,drug_2225,0
dt_P55916,drug,drug_8697,0
dt_Q15043,drug,drug_9135,0
dt_Q9H2B4,drug,drug_9912992,0
dt_Q9Y345,drug,drug_5311479,0
dt_O43868,drug,drug_11781,0
dt_Q8IZM9,drug,drug_23690296,0
dt_P13569,drug,drug_39468,0
dt_Q8IZM9,drug,drug_3354,0
dt_P23975,drug,drug_68401,0
dt_Q6ZMH5,drug,drug_54677946,0
dt_P48067,drug,drug_16131138,0
dt_Q8IZM9,drug,drug_54767916,0
dt_Q9UHI7,drug,drug_4593,0
dt_Q504Y0,drug,drug_113918,0
dt_Q969S0,drug,drug_5106,0
dt_Q7LBE3,drug,drug_451668,0
dt_O00476,drug,drug_10170,0
dt_Q8TED4,drug,drug_53000,0
dt_O14975,drug,drug_6917864,0
dt_Q12960,drug,drug_15560577,0
dt_P49279,drug,drug_5282494,0
dt_P48029,drug,drug_265237,0
dt_O95907,drug,drug_5315988,0
dt_Q9Y2C5,drug,drug_439763,0
dt_O15432,drug,drug_67821,0
dt_Q9BZW2,drug,drug_53469059,0
dt_Q99758,drug,drug_7054,0
dt_Q7RTX9,drug,drug_440735,0
dt_O94956,drug,drug_62210,0
dt_Q9UKG4,drug,drug_95069,0
dt_Q9H2Y9,drug,drug_6438373,0
dt_O95202,drug,drug_11969465,0
dt_Q07837,drug,drug_71533725,0
dt_Q6PML9,drug,drug_5282494,0
dt_O60721,drug,drug_37269,0
dt_P50443,drug,drug_66844170,0
dt_Q9H2H9,drug,drug_19118,0
dt_Q9BY07,drug,drug_17049,0
dt_Q8IY50,drug,drug_642159,0
dt_Q9UHI7,drug,drug_4910,0
dt_Q9H2J7,drug,drug_56841828,0
dt_Q86UW2,drug,drug_7807,0
dt_Q495N2,drug,drug_24518,0
dt_Q3KNW5,drug,drug_3444,0
dt_P07355,drug,drug_123879,0
dt_O15431,drug,drug_19037,0
dt_O43808,drug,drug_5282451,0
dt_O75027,drug,drug_21102,0
dt_Q9Y289,drug,drug_135659043,0
dt_P22732,drug,drug_11843,0
dt_P33897,drug,drug_4604,0
dt_Q9UN76,drug,drug_39212,0
dt_O43772,drug,drug_101621366,0
dt_O95528,drug,drug_21575007,0
dt_O15244,drug,drug_119570,0
dt_Q13433,drug,drug_68924,0
dt_Q1EHB4,drug,drug_71301472,0
dt_Q86VL8,drug,drug_20055399,0
dt_Q86UK0,drug,drug_37419,0
dt_Q9NS82,drug,drug_121891,0
dt_Q8WWT9,drug,drug_31429,0
dt_Q8TDB8,drug,drug_129236,0
dt_Q8N357,drug,drug_6072,0
dt_Q9H2Y9,drug,drug_100914718,0
dt_O75746,drug,drug_3182,0
dt_A6NK97,drug,drug_16932,0
dt_Q96A46,drug,drug_71312510,0
dt_Q9Y2P4,drug,drug_27919,0
dt_Q9BV35,drug,drug_5280793,0
dt_Q12809,drug,drug_18502,0
dt_Q9UGH3,drug,drug_3001858,0
dt_Q9H1K4,drug,drug_107908,0
dt_Q15878,drug,drug_19649,0
dt_Q9C0K1,drug,drug_5281718,0
dt_P78383,drug,drug_89683805,0
dt_P78382,drug,drug_133021,0
dt_O95907,drug,drug_153274338,0
dt_Q9NP58,drug,drug_57331232,0
dt_Q9HAS3,drug,drug_104856,0
dt_Q9NQ40,drug,drug_105010,0
dt_Q9NP94,drug,drug_6380,0
dt_O60312,drug,drug_9804938,0
dt_Q15878,drug,drug_114781,0
dt_Q8NCK7,drug,drug_9918692,0
dt_Q7Z2H8,drug,drug_57335384,0
dt_O94956,drug,drug_9876321,0
dt_Q9Y2D2,drug,drug_122172945,0
dt_Q09428,drug,drug_455658,0
dt_Q9NY64,drug,drug_5957,0
dt_Q9NP58,drug,drug_4871,0
dt_P33527,drug,drug_74190,0
dt_Q86VW1,drug,drug_82565,0
dt_Q13336,drug,drug_1103,0
dt_Q16572,drug,drug_10294813,0
dt_Q96Q91,drug,drug_19065601,0
dt_P12236,drug,drug_5768,0
dt_Q8N697,drug,drug_23306,0
dt_Q9NPD5,drug,drug_6433206,0
dt_P02730,drug,drug_129247,0
dt_Q15858,drug,drug_6636,0
dt_Q92581,drug,drug_760,0
dt_Q96DW6,drug,drug_115245,0
dt_P58743,drug,drug_4260,0
dt_Q8IZY2,drug,drug_10692,0
dt_Q9HAS3,drug,drug_6539985,0
dt_Q96CQ1,drug,drug_135456058,0
dt_Q15849,drug,drug_54889,0
dt_Q9Y289,drug,drug_107895,0
dt_Q9H2J7,drug,drug_72036,0
dt_Q96A46,drug,drug_10065980,0
dt_P43007,drug,drug_5280965,0
dt_Q8NEW0,drug,drug_10108554,0
dt_Q8NEW0,drug,drug_4619,0
dt_P49279,drug,drug_637817,0
dt_Q8WUX1,drug,drug_69610,0
dt_Q9BYT1,drug,drug_325,0
dt_Q9NPD5,drug,drug_13663,0
dt_Q96CQ1,drug,drug_9829395,0
dt_P43005,drug,drug_41693,0
dt_Q9NUT2,drug,drug_6683,0
dt_Q8N697,drug,drug_23993,0
dt_P28288,drug,drug_4284720,0
dt_Q9NPD5,drug,drug_7516,0
dt_Q86VW1,drug,drug_520263,0
dt_O95477,drug,drug_57030,0
dt_P48029,drug,drug_59227,0
dt_Q13936,drug,drug_62956,0
dt_Q9NP59,drug,drug_163659,0
dt_Q3KNW5,drug,drug_96539,0
dt_P48067,drug,drug_9866186,0
dt_Q86VD7,drug,drug_159832,0
dt_Q8WUG5,drug,drug_12302722,0
dt_Q9NP94,drug,drug_9887812,0
dt_Q5M8T2,drug,drug_100427,0
dt_Q06495,drug,drug_57369377,0
dt_Q96FL8,drug,drug_10241,0
dt_Q8N8Q9,drug,drug_5882,0
dt_Q09428,drug,drug_13588,0
dt_Q495M3,drug,drug_5253,0
dt_Q6ICL7,drug,drug_375148,0
dt_O95342,drug,drug_44566786,0
dt_P48051,drug,drug_4660115,0
dt_Q8N139,drug,drug_42616,0
dt_O00555,drug,drug_2708,0
dt_Q92536,drug,drug_3000,0
dt_P54707,drug,drug_13613,0
dt_Q6P1M0,drug,drug_53235510,0
dt_Q13621,drug,drug_6398970,0
dt_Q9NP59,drug,drug_11669062,0
dt_Q8TCU3,drug,drug_84645,0
dt_Q86UW2,drug,drug_5282365,0
dt_O95907,drug,drug_5573,0
dt_Q9UKG4,drug,drug_54158,0
dt_Q9UIG8,drug,drug_242777,0
dt_Q6P1M0,drug,drug_503737,0
dt_Q6NXT4,drug,drug_105066,0
dt_P22460,drug,drug_6282,0
dt_Q86UK0,drug,drug_124845,0
dt_Q15758,drug,drug_5313988,0
dt_Q8IVW8,drug,drug_91664,0
dt_O14863,drug,drug_17517,0
dt_Q05940,drug,drug_126941,0
dt_Q8N695,drug,drug_132970,0
dt_Q9H936,drug,drug_108156,0
dt_Q9Y666,drug,drug_132932,0
dt_P56381,drug,drug_171558,0
dt_Q8N8R3,drug,drug_280,0
dt_P43007,drug,drug_4670,0
dt_Q8IY50,drug,drug_5282448,0
dt_Q86UG4,drug,drug_8793,0
dt_Q9NQ40,drug,drug_118513932,0
dt_P19634,drug,drug_456190,0
dt_O60359,drug,drug_57364,0
dt_P46059,drug,drug_354677,0
dt_Q8WWI5,drug,drug_44592366,0
dt_Q92536,drug,drug_5362440,0
dt_P78381,drug,drug_135398737,0
dt_P05141,drug,drug_2710,0
dt_Q8NDX2,drug,drug_128172,0
dt_O14975,drug,drug_18743,0
dt_Q9Y2C5,drug,drug_8027,0
dt_Q9NWF4,drug,drug_54094439,0
dt_Q8TE54,drug,drug_135400873,0
dt_Q9UBX3,drug,drug_11266523,0
dt_Q96DW6,drug,drug_5311479,0
dt_Q9Y619,drug,drug_122038,0
dt_Q92887,drug,drug_7005,0
dt_Q8IVW8,drug,drug_25476,0
dt_Q9NY16,drug,drug_3380,0
dt_Q9Y2D2,drug,drug_42642645,0
dt_P25874,drug,drug_519246,0
dt_Q9Y666,drug,drug_12512,0
dt_Q07837,drug,drug_4680,0
dt_Q9ULF5,drug,drug_77519848,0
dt_Q9NS40,drug,drug_14801,0
dt_Q13433,drug,drug_15530,0
dt_P48051,drug,drug_436058,0
dt_Q9C0K1,drug,drug_24775005,0
dt_P04920,drug,drug_11604525,0
dt_Q8IWA5,drug,drug_6185,0
dt_Q13454,drug,drug_53319290,0
dt_P43007,drug,drug_219023,0
dt_O00555,drug,drug_16323,0
dt_Q5T3U5,drug,drug_11670360,0
dt_Q9NS82,drug,drug_39526,0
dt_Q9Y694,drug,drug_44566786,0
dt_O95788,drug,drug_104929,0
dt_P43005,drug,drug_24858111,0
dt_Q8TB61,drug,drug_23973,0
dt_Q13621,drug,drug_15758,0
dt_Q8NBS3,drug,drug_31553,0
dt_O15427,drug,drug_10426229,0
dt_Q6U841,drug,drug_4943,0
dt_P05141,drug,drug_11568,0
dt_Q6NXT4,drug,drug_177236,0
dt_P45844,drug,drug_60918,0
dt_Q12809,drug,drug_6113,0
dt_Q8NFF2,drug,drug_102041087,0
dt_P50443,drug,drug_198756,0
dt_P35499,drug,drug_147039,0
dt_Q9BY10,drug,drug_6436124,0
dt_Q9NS40,drug,drug_196402,0
dt_O95069,drug,drug_80253,0
dt_Q6PML9,drug,drug_60870,0
dt_P11169,drug,drug_44592366,0
dt_O60359,drug,drug_29950,0
dt_Q86UW2,drug,drug_6473762,0
dt_Q9HBR0,drug,drug_35020890,0
dt_P08183,drug,drug_3394,0
dt_O43868,drug,drug_6419739,0
dt_Q9UI40,drug,drug_123798,0
dt_Q8NBS3,drug,drug_5328940,0
dt_Q8N139,drug,drug_5281912,0
dt_Q8N697,drug,drug_10624,0
dt_P11169,drug,drug_132049,0
dt_Q9UGQ3,drug,drug_101189857,0
dt_Q8NDX2,drug,drug_2747,0
dt_Q8WWZ7,drug,drug_71141,0
dt_Q6PIS1,drug,drug_2576,0
dt_O15439,drug,drug_15529,0
dt_P48067,drug,drug_11884,0
dt_Q8N139,drug,drug_5281614,0
dt_P57103,drug,drug_230710,0
dt_Q8N130,drug,drug_9966051,0
dt_Q92952,drug,drug_10286,0
dt_O75027,drug,drug_28179,0
dt_P11169,drug,drug_5479537,0
dt_Q9H2Y9,drug,drug_1683,0
dt_Q969S0,drug,drug_3380,0
dt_O15440,drug,drug_56962336,0
dt_Q8NDX2,drug,drug_108182,0
dt_P21439,drug,drug_100016,0
dt_P52569,drug,drug_65063,0
dt_Q16572,drug,drug_656557,0
dt_Q8WWI5,drug,drug_5282448,0
dt_O15432,drug,drug_10207,0
dt_Q9UP95,drug,drug_56008,0
dt_O60669,drug,drug_30541,0
dt_Q6ZMH5,drug,drug_56851583,0
dt_Q8N8Q9,drug,drug_10757,0
dt_Q8N8Q9,drug,drug_31288,0
dt_Q07837,drug,drug_26476,0
dt_Q5K4L6,drug,drug_68146,0
dt_P02730,drug,drug_9887704,0
dt_P53007,drug,drug_176158,0
dt_Q12908,drug,drug_84068,0
dt_Q6P1M0,drug,drug_24450,0
dt_Q6NT16,drug,drug_15008962,0
dt_O95069,drug,drug_2518,0
dt_Q6NUK1,drug,drug_154730686,0
dt_Q9H2D1,drug,drug_23668479,0
dt_Q8N139,drug,drug_149755,0
dt_P82251,drug,drug_12708735,0
dt_O00476,drug,drug_5311054,0
dt_Q8NFF2,drug,drug_5591,0
dt_Q5BKX6,drug,drug_54697325,0
dt_Q9NWF4,drug,drug_3194,0
dt_Q6NXT4,drug,drug_9953907,0
dt_O76082,drug,drug_9422,0
dt_Q7RTT9,drug,drug_5284569,0
dt_Q14654,drug,drug_16957,0
dt_Q9UI40,drug,drug_9799453,0
dt_Q2M3G0,drug,drug_5281613,0
dt_Q9HBR0,drug,drug_2942,0
dt_Q96FL8,drug,drug_22772,0
dt_P53985,drug,drug_6918585,0
dt_Q9UBD6,drug,drug_912,0
dt_Q7RTT9,drug,drug_92431,0
dt_P41440,drug,drug_1352,0
dt_O75387,drug,drug_177236,0
dt_Q86UD5,drug,drug_24821094,0
dt_Q14542,drug,drug_995,0
dt_P49279,drug,drug_637568,0
dt_P78382,drug,drug_10914,0
dt_Q7RTX9,drug,drug_54690031,0
dt_O95258,drug,drug_7848,0
dt_Q9NYG8,drug,drug_135659058,0
dt_Q12809,drug,drug_3275,0
dt_Q9NP59,drug,drug_1930,0
dt_Q9Y5Y0,drug,drug_62819,0
dt_Q8NFH8,drug,drug_178060,0
dt_Q8N139,drug,drug_5281954,0
dt_P35498,drug,drug_92536013,0
dt_Q9NVC3,drug,drug_15730,0
dt_O15432,drug,drug_11192,0
dt_Q9UKG4,drug,drug_5284349,0
dt_Q15858,drug,drug_4912,0
dt_Q09428,drug,drug_6450819,0
dt_Q9UGQ3,drug,drug_3025,0
dt_P33527,drug,drug_9889522,0
dt_Q96JW4,drug,drug_72430,0
dt_Q14973,drug,drug_9833954,0
dt_Q13936,drug,drug_6442245,0
dt_Q96Q91,drug,drug_460,0
dt_Q8N130,drug,drug_3961,0
dt_Q9HAB3,drug,drug_89768286,0
dt_Q14940,drug,drug_123938,0
dt_Q8IVJ1,drug,drug_104896,0
dt_Q9BY10,drug,drug_6076,0
dt_O15375,drug,drug_23932,0
dt_P54219,drug,drug_138911098,0
dt_Q504Y0,drug,drug_3689,0
dt_Q13454,drug,drug_3958,0
dt_O15244,drug,drug_644066,0
dt_P12236,drug,drug_119307,0
dt_P32418,drug,drug_135398559,0
dt_Q12960,drug,drug_5311064,0
dt_Q8NBS3,drug,drug_73117,0
dt_P22460,drug,drug_80792,0
dt_O00337,drug,drug_5163,0
dt_Q9UN76,drug,drug_122215,0
dt_Q9UHI5,drug,drug_8079,0
dt_Q9GZV3,drug,drug_131435,0
dt_Q8N695,drug,drug_71310,0
dt_Q96A29,drug,drug_11957714,0
dt_P08195,drug,drug_38347,0
dt_Q6ICL7,drug,drug_56842075,0
dt_P57103,drug,drug_15940185,0
dt_Q96S37,drug,drug_3197,0
dt_O43826,drug,drug_2993,0
dt_Q6XR72,drug,drug_6604776,0
dt_P04920,drug,drug_54680690,0
dt_Q9UI40,drug,drug_176407,0
dt_Q495N2,drug,drug_11583,0
dt_O60312,drug,drug_132306,0
dt_Q5K4L6,drug,drug_31402,0
dt_Q9NY91,drug,drug_13314,0
dt_Q92536,drug,drug_5315988,0
dt_Q86VD7,drug,drug_3085106,0
dt_Q8NCK7,drug,drug_6604132,0
dt_Q96JW4,drug,drug_121499159,0
dt_Q9H2J7,drug,drug_9869929,0
dt_Q86UD5,drug,drug_5311309,0
dt_Q9NYG8,drug,drug_439352,0
dt_Q96BD0,drug,drug_9883002,0
dt_Q9HC21,drug,drug_66004,0
dt_Q96T83,drug,drug_244,0
dt_Q9P2C5,drug,drug_3036038,0
dt_O15438,drug,drug_5326713,0
dt_A1A5C7,drug,drug_150906,0
dt_Q14916,drug,drug_9892294,0
dt_Q96JT2,drug,drug_65492,0
dt_Q96QE2,drug,drug_16130996,0
dt_Q9H9B4,drug,drug_5280373,0
dt_P33897,drug,drug_135618616,0
dt_Q9NP58,drug,drug_11660520,0
dt_Q96GZ6,drug,drug_3053,0
dt_Q6P5W5,drug,drug_92196,0
dt_P21439,drug,drug_2164,0
dt_Q07837,drug,drug_6209,0
dt_Q9H0U3,drug,drug_7149,0
dt_Q5PT55,drug,drug_1038,0
dt_Q9NP91,drug,drug_5742832,0
dt_Q8TCU3,drug,drug_5583,0
dt_Q8N357,drug,drug_66570720,0
dt_Q86VL8,drug,drug_135440064,0
dt_Q8IVJ1,drug,drug_82151,0
dt_O95477,drug,drug_104904,0
dt_Q969S0,drug,drug_151172,0
dt_Q02978,drug,drug_45102710,0
dt_O75027,drug,drug_8225,0
dt_Q8NFF2,drug,drug_46854655,0
dt_Q99624,drug,drug_14677,0
dt_Q15858,drug,drug_5070,0
dt_P11168,drug,drug_104977,0
dt_Q8WWT9,drug,drug_6918682,0
dt_P53794,drug,drug_135487652,0
dt_Q9NUT2,drug,drug_84132,0
dt_Q969I6,drug,drug_8980,0
dt_Q96GZ6,drug,drug_3037006,0
dt_Q8TCU3,drug,drug_6102852,0
dt_Q92952,drug,drug_1549120,0
dt_Q9HC21,drug,drug_379077,0
dt_Q9Y2P4,drug,drug_185457,0
dt_O75387,drug,drug_7855,0
dt_Q14542,drug,drug_36511,0
dt_Q9NPC2,drug,drug_72155,0
dt_Q8IVB4,drug,drug_3830,0
dt_Q08289,drug,drug_61852,0
dt_Q92911,drug,drug_151152,0
dt_Q2M3G0,drug,drug_22880,0
dt_Q86VW1,drug,drug_448949,0
dt_Q6T423,drug,drug_71711120,0
dt_Q13936,drug,drug_24771824,0
dt_Q9H2Y9,drug,drug_68578,0
dt_Q9H1V8,drug,drug_177023,0
dt_Q86UW1,drug,drug_971,0
dt_Q13454,drug,drug_37175,0
dt_Q6PCB7,drug,drug_5546,0
dt_O15375,drug,drug_3149,0
dt_Q9Y6R1,drug,drug_135398559,0
dt_P48751,drug,drug_178387,0
dt_Q8N139,drug,drug_24771867,0
dt_P33527,drug,drug_42396,0
dt_Q9HCJ1,drug,drug_656615,0
dt_P78381,drug,drug_51037431,0
dt_Q13433,drug,drug_91766,0
dt_Q14973,drug,drug_37910,0
dt_Q15878,drug,drug_12550,0
dt_Q96JT2,drug,drug_9904203,0
dt_P46059,drug,drug_3023,0
dt_O95255,drug,drug_7149,0
dt_A0PJK1,drug,drug_2724274,0
dt_Q6P499,drug,drug_137250088,0
dt_Q96G79,drug,drug_116545,0
dt_Q96S37,drug,drug_73024,0
dt_Q96S37,drug,drug_3356,0
dt_A1A5C7,drug,drug_10292573,0
dt_O60359,drug,drug_36326,0
dt_Q8TCC7,drug,drug_12130,0
dt_O14863,drug,drug_67683363,0
dt_O00476,drug,drug_7965,0
dt_Q92887,drug,drug_9870843,0
dt_Q8TE54,drug,drug_26596,0
dt_O75027,drug,drug_65016,0
dt_Q9BRV3,drug,drug_5312137,0
dt_P46721,drug,drug_5280960,0
dt_Q8WWZ4,drug,drug_3649143,0
dt_Q6U841,drug,drug_441893,0
dt_Q6P1K1,drug,drug_107650,0
dt_Q99624,drug,drug_47445,0
dt_Q8NDX2,drug,drug_6912,0
dt_Q9H1N7,drug,drug_16686,0
dt_Q86UD5,drug,drug_16945,0
dt_Q96BD0,drug,drug_31283,0
dt_P30531,drug,drug_6849,0
dt_Q9BXS9,drug,drug_43371,0
dt_Q9UI40,drug,drug_92344,0
dt_Q4G0N8,drug,drug_13695,0
dt_A0PJK1,drug,drug_10660,0
dt_Q07837,drug,drug_24437,0
dt_O95907,drug,drug_17522,0
dt_Q96QE2,drug,drug_8005,0
dt_Q9ULF5,drug,drug_24771867,0
dt_Q86VD7,drug,drug_91936864,0
dt_Q86UW2,drug,drug_679,0
dt_Q6ZSM3,drug,drug_5464025,0
dt_P48065,drug,drug_11526696,0
dt_P36021,drug,drug_4417,0
dt_Q9H2Y9,drug,drug_20161,0
dt_P53985,drug,drug_5234,0
dt_Q9Y2W3,drug,drug_77993,0
dt_Q96BD0,drug,drug_64113,0
dt_P41440,drug,drug_6815,0
dt_Q96DW6,drug,drug_135411,0
dt_P50995,drug,drug_441476,0
dt_P23975,drug,drug_6098,0
dt_Q9H2D1,drug,drug_91741,0
dt_P36021,drug,drug_139298,0
dt_P08195,drug,drug_498142,0
dt_Q9Y6R1,drug,drug_90532,0
dt_Q13936,drug,drug_54686904,0
dt_Q9H2H9,drug,drug_19395,0
dt_Q8TCU3,drug,drug_10326,0
dt_O00476,drug,drug_439302,0
dt_Q06495,drug,drug_11511120,0
dt_P30531,drug,drug_22297,0
dt_Q6KCM7,drug,drug_124203921,0
dt_Q12960,drug,drug_443936,0
dt_P50995,drug,drug_9221,0
dt_P11169,drug,drug_458,0
dt_Q9Y694,drug,drug_4878,0
dt_Q86UG4,drug,drug_5753,0
dt_Q6XR72,drug,drug_53319374,0
dt_Q9Y2W3,drug,drug_863,0
dt_Q496J9,drug,drug_5362440,0
dt_P31645,drug,drug_3651705,0
dt_Q86YT5,drug,drug_5359407,0
dt_Q9UKG4,drug,drug_23668194,0
dt_Q96JT2,drug,drug_7461,0
dt_Q9Y2W3,drug,drug_14265450,0
dt_Q9NSD5,drug,drug_71681561,0
dt_Q695T7,drug,drug_4108,0
dt_Q13336,drug,drug_23831,0
dt_Q9NYB5,drug,drug_14425,0
dt_Q8NFH8,drug,drug_3495,0
dt_P48751,drug,drug_443046,0
dt_Q9NUT2,drug,drug_119545,0
dt_P56381,drug,drug_9940864,0
dt_Q6ZSM3,drug,drug_25181577,0
dt_Q86UD5,drug,drug_23693558,0
dt_Q8NCS7,drug,drug_135400184,0
dt_Q9H2B4,drug,drug_3115,0
dt_Q13336,drug,drug_84132,0
dt_Q8IWU4,drug,drug_2419,0
dt_Q8NBS3,drug,drug_11476,0
dt_Q8TDB8,drug,drug_16422,0
dt_Q9UIG8,drug,drug_5994,0
dt_O43511,drug,drug_2498,0
dt_Q7RTX9,drug,drug_5490139,0
dt_Q504Y0,drug,drug_3649143,0
dt_Q06495,drug,drug_3086464,0
dt_Q495M3,drug,drug_890,0
dt_P12236,drug,drug_57347668,0
dt_O95788,drug,drug_2239,0
dt_Q86UW1,drug,drug_33613,0
dt_Q86UG4,drug,drug_11579,0
dt_O75746,drug,drug_11843,0
dt_P53794,drug,drug_4497,0
dt_O94956,drug,drug_107977,0
dt_P48764,drug,drug_9996305,0
dt_P51787,drug,drug_56959087,0
dt_Q15878,drug,drug_3034034,0
dt_Q53GD3,drug,drug_5342077,0
dt_Q8TDB8,drug,drug_8268,0
dt_Q8N8Q9,drug,drug_3002977,0
dt_Q9H2Y9,drug,drug_7298,0
dt_Q8WUM9,drug,drug_10461,0
dt_Q9NY26,drug,drug_71308598,0
dt_Q14916,drug,drug_92748,0
dt_Q9BZC7,drug,drug_71402018,0
dt_O95528,drug,drug_44585614,0
dt_Q8N139,drug,drug_641818,0
dt_Q9UHW9,drug,drug_5497195,0
dt_P56381,drug,drug_101102,0
dt_P45844,drug,drug_5282315,0
dt_Q96QE2,drug,drug_5336,0
dt_Q76EJ3,drug,drug_44206133,0
dt_Q96N87,drug,drug_5702105,0
dt_P78381,drug,drug_46209426,0
dt_Q9Y698,drug,drug_10005966,0
dt_Q9Y2D2,drug,drug_93577,0
dt_Q9GZV3,drug,drug_60572,0
dt_P52569,drug,drug_6324616,0
dt_P31641,drug,drug_74989,0
dt_Q12809,drug,drug_107,0
dt_P43007,drug,drug_159609,0
dt_P55011,drug,drug_838,0
dt_Q9UKG4,drug,drug_8447,0
dt_Q9NPD5,drug,drug_9221,0
dt_Q9Y289,drug,drug_5460631,0
dt_Q96DW6,drug,drug_11579,0
dt_P35498,drug,drug_583586,0
dt_Q8TCC7,drug,drug_10975,0
dt_Q9H2H9,drug,drug_5361092,0
dt_O95069,drug,drug_115240,0
dt_Q86YT5,drug,drug_151144,0
dt_Q14973,drug,drug_421,0
dt_Q9BRV3,drug,drug_14598008,0
dt_P57103,drug,drug_119461,0
dt_P45844,drug,drug_12105,0
dt_Q9NWF4,drug,drug_12303662,0
dt_P23975,drug,drug_160666,0
dt_Q09428,drug,drug_13243,0
dt_Q695T7,drug,drug_72139,0
dt_O00476,drug,drug_86398,0
dt_Q8IVJ1,drug,drug_7419,0
dt_Q6U841,drug,drug_5926,0
dt_O60721,drug,drug_6300,0
dt_Q8TE54,drug,drug_169521,0
dt_Q12908,drug,drug_5504,0
dt_Q9UI40,drug,drug_62773,0
dt_Q8TF71,drug,drug_41376,0
dt_Q9Y698,drug,drug_259776,0
dt_O95477,drug,drug_5484462,0
dt_P20020,drug,drug_10077147,0
dt_Q9HC21,drug,drug_5280443,0
dt_Q96CQ1,drug,drug_42586,0
dt_P32418,drug,drug_7543,0
dt_Q9BQT8,drug,drug_5487529,0
dt_Q9BYW1,drug,drug_32603,0
dt_O15375,drug,drug_5280569,0
dt_P54707,drug,drug_115059,0
dt_Q9NUT2,drug,drug_760,0
dt_Q6P1M0,drug,drug_256006,0
dt_Q0GE19,drug,drug_30165,0
dt_Q99726,drug,drug_70275,0
dt_Q14916,drug,drug_2779853,0
dt_Q96NT5,drug,drug_2310,0
dt_Q9NVC3,drug,drug_978,0
dt_Q9NWF4,drug,drug_2942,0
dt_Q8NEW0,drug,drug_79091,0
dt_Q96H72,drug,drug_74975,0
dt_O75746,drug,drug_11645,0
dt_Q9H2Y9,drug,drug_4166922,0
dt_O76082,drug,drug_6842999,0
dt_P54707,drug,drug_3084961,0
dt_O43772,drug,drug_38258,0
dt_Q13621,drug,drug_7017,0
dt_Q14940,drug,drug_9800501,0
dt_P51787,drug,drug_169234,0
dt_P43003,drug,drug_72326,0
dt_Q6ZMH5,drug,drug_13395,0
dt_Q9NRM0,drug,drug_24850296,0
dt_Q7RTT9,drug,drug_4884,0
dt_Q9NUT2,drug,drug_2132,0
dt_Q05940,drug,drug_159550,0
dt_Q06495,drug,drug_9865774,0
dt_Q9BZC7,drug,drug_5328760,0
dt_Q9Y2P5,drug,drug_10200813,0
dt_Q96CQ1,drug,drug_108152,0
dt_Q15043,drug,drug_87979099,0
dt_P43003,drug,drug_11540687,0
dt_Q13936,drug,drug_5356121,0
dt_Q13936,drug,drug_119340,0
dt_Q86VW1,drug,drug_39941,0
dt_Q8WWZ4,drug,drug_6594,0
dt_Q96QD8,drug,drug_68109743,0
dt_Q96BD0,drug,drug_178,0
dt_Q8NFH8,drug,drug_6917803,0
dt_O95477,drug,drug_1218,0
dt_Q9UBD6,drug,drug_23667548,0
dt_Q8TAD4,drug,drug_24577,0
dt_Q9H2Y9,drug,drug_53229972,0
dt_Q9NP58,drug,drug_499,0
dt_P11168,drug,drug_65545,0
dt_Q9H598,drug,drug_992586,0
dt_Q6PIS1,drug,drug_9821217,0
dt_Q6J4K2,drug,drug_5147,0
dt_Q9UHW9,drug,drug_183559,0
dt_Q9Y2W3,drug,drug_943,0
dt_Q0GE19,drug,drug_354009,0
dt_Q9BRV3,drug,drug_60172,0
dt_Q4G0N8,drug,drug_1492348,0
dt_P48764,drug,drug_5328771,0
dt_Q96FL8,drug,drug_90488781,0
dt_Q13433,drug,drug_119220,0
dt_Q7Z2H8,drug,drug_93367,0
dt_P30825,drug,drug_46918141,0
dt_Q96NT5,drug,drug_123683,0
dt_Q13936,drug,drug_60558,0
dt_Q6ZQN7,drug,drug_10256708,0
dt_O95255,drug,drug_72544084,0
dt_O00476,drug,drug_135269,0
dt_Q9UHI7,drug,drug_16132438,0
dt_Q6P499,drug,drug_65387,0
dt_Q9NS82,drug,drug_16130938,0
dt_Q92887,drug,drug_1982,0
dt_Q16572,drug,drug_25012898,0
dt_Q9UBD6,drug,drug_123679,0
dt_A0AV02,drug,drug_5281647,0
dt_Q96EP9,drug,drug_135403647,0
dt_O15439,drug,drug_5801,0
dt_A6NNN8,drug,drug_3036154,0
dt_Q86UD5,drug,drug_11164,0
dt_P20020,drug,drug_7439,0
dt_Q6PCB7,drug,drug_97478,0
dt_Q9UJS0,drug,drug_9821945,0
dt_Q86VL8,drug,drug_153751,0
dt_Q8NBW4,drug,drug_101526,0
dt_Q9BZC7,drug,drug_70691388,0
dt_O95342,drug,drug_4944,0
dt_Q9UPY5,drug,drug_14322,0
dt_O15375,drug,drug_3348,0
dt_Q8N139,drug,drug_14989,0
dt_P57103,drug,drug_107640,0
dt_P22460,drug,drug_46851313,0
dt_Q8NCS7,drug,drug_2351,0
dt_P57103,drug,drug_6912226,0
dt_Q9NS82,drug,drug_5282199,0
dt_Q4U2R8,drug,drug_1241,0
dt_Q96N87,drug,drug_44391783,0
dt_P35498,drug,drug_23725625,0
dt_Q8N139,drug,drug_5351896,0
dt_O95069,drug,drug_148121,0
dt_Q8NDX2,drug,drug_4624,0
dt_Q13454,drug,drug_160493,0
dt_Q969I6,drug,drug_9502,0
dt_O95069,drug,drug_5494449,0
dt_Q8NBI5,drug,drug_133121268,0
dt_P43005,drug,drug_5274585,0
dt_P54707,drug,drug_6918585,0
dt_P11168,drug,drug_122980,0
dt_Q7RTX9,drug,drug_11575713,0
dt_P25874,drug,drug_121850,0
dt_Q2M3M2,drug,drug_97536,0
dt_O95342,drug,drug_6439414,0
dt_Q4G0N8,drug,drug_38258,0
dt_P53794,drug,drug_60510,0
dt_Q8IVM8,drug,drug_73348086,0
dt_Q9NY16,drug,drug_4497,0
dt_Q1EHB4,drug,drug_91936927,0
dt_O95202,drug,drug_7970,0
dt_Q9UM01,drug,drug_1795,0
dt_Q9UBX3,drug,drug_229021,0
dt_Q92911,drug,drug_46700744,0
dt_Q96G79,drug,drug_5281004,0
dt_Q4G0N8,drug,drug_216239,0
dt_Q6ZMH5,drug,drug_2581,0
dt_O60706,drug,drug_153994,0
dt_Q6J4K2,drug,drug_32230,0
dt_Q13936,drug,drug_5311382,0
dt_P14672,drug,drug_70673566,0
dt_Q9UPI3,drug,drug_44408087,0
dt_Q8IVB4,drug,drug_5280888,0
dt_Q01959,drug,drug_997,0
dt_P57103,drug,drug_146294,0
dt_Q8IZY2,drug,drug_7585,0
dt_Q86VL8,drug,drug_185848,0
dt_Q9BZD2,drug,drug_5494449,0
dt_Q14940,drug,drug_16363,0
dt_Q8NFF2,drug,drug_3645780,0
dt_Q96T83,drug,drug_6918193,0
dt_Q9UI40,drug,drug_5350,0
dt_Q9H2J7,drug,drug_3624,0
dt_A0AV02,drug,drug_154417,0
dt_Q9NS40,drug,drug_689013,0
dt_O95258,drug,drug_12980,0
dt_Q9BZV2,drug,drug_71773,0
dt_Q8TD20,drug,drug_53233421,0
dt_Q6T423,drug,drug_146294,0
dt_Q86VW1,drug,drug_5479529,0
dt_Q6ZMH5,drug,drug_5328807,0
dt_Q8TAD4,drug,drug_9642,0
dt_Q9NRA2,drug,drug_9862964,0
dt_Q0GE19,drug,drug_135398604,0
dt_P20020,drug,drug_644077,0
dt_Q9BS91,drug,drug_6900,0
dt_Q4G0N8,drug,drug_9852981,0
dt_Q13433,drug,drug_5311055,0
dt_O95180,drug,drug_5838,0
dt_Q2M3G0,drug,drug_10993,0
dt_Q9BXI2,drug,drug_65576,0
dt_P13569,drug,drug_5280954,0
dt_Q695T7,drug,drug_6276,0
dt_Q8IZY2,drug,drug_165243,0
dt_O60669,drug,drug_5374,0
dt_Q1EHB4,drug,drug_11497983,0
dt_Q6NUK1,drug,drug_10582,0
dt_O60669,drug,drug_151172,0
dt_Q92952,drug,drug_14754,0
dt_Q96A46,drug,drug_44269516,0
dt_P54707,drug,drug_7628,0
dt_P07355,drug,drug_3446,0
dt_Q5T3U5,drug,drug_23703285,0
dt_P48664,drug,drug_5458687,0
dt_Q9BRI3,drug,drug_4660115,0
dt_Q9HC58,drug,drug_31289,0
dt_P40879,drug,drug_17049,0
dt_Q04656,drug,drug_22094,0
dt_P48764,drug,drug_5546,0
dt_P50995,drug,drug_5283137,0
dt_P05141,drug,drug_30086,0
dt_O43826,drug,drug_72544084,0
dt_Q8TF71,drug,drug_636374,0
dt_Q15758,drug,drug_64718,0
dt_Q8TED4,drug,drug_2816,0
dt_P55017,drug,drug_91936927,0
dt_Q9NUM3,drug,drug_130829,0
dt_Q86VD7,drug,drug_9549289,0
dt_Q9UNQ0,drug,drug_6438714,0
dt_Q8NBS3,drug,drug_4784,0
dt_Q14940,drug,drug_9910393,0
dt_Q96S37,drug,drug_123606,0
dt_P02730,drug,drug_11957714,0
dt_Q9UIG8,drug,drug_25183872,0
dt_Q9BYW1,drug,drug_9889522,0
dt_Q8IZM9,drug,drug_54675776,0
dt_P36021,drug,drug_151082,0
dt_O43808,drug,drug_2762680,0
dt_Q6P1K1,drug,drug_76310,0
dt_O95907,drug,drug_6435893,0
dt_P40879,drug,drug_6091659,0
dt_O43511,drug,drug_2581,0
dt_Q04656,drug,drug_13643,0
dt_Q8WUM9,drug,drug_16027,0
dt_Q9HC21,drug,drug_8305,0
dt_Q9Y6R1,drug,drug_9823277,0
dt_A0AV02,drug,drug_6115,0
dt_O00555,drug,drug_3080846,0
dt_P48051,drug,drug_67462786,0
dt_Q8IUA7,drug,drug_56841788,0
dt_P41440,drug,drug_19235,0
dt_O00341,drug,drug_96710,0
dt_O15439,drug,drug_9152,0
dt_Q8WY07,drug,drug_3017,0
dt_Q96DW6,drug,drug_31202,0
dt_Q15758,drug,drug_30814,0
dt_Q4ZJI4,drug,drug_45139234,0
dt_Q8IY50,drug,drug_61440,0
dt_P57103,drug,drug_11056,0
dt_Q8IY50,drug,drug_10197612,0
dt_Q4U2R8,drug,drug_10214,0
dt_Q969S0,drug,drug_7389,0
dt_Q9NRA2,drug,drug_3505,0
dt_Q495M3,drug,drug_5097,0
dt_P53985,drug,drug_132776,0
dt_O60669,drug,drug_105075,0
dt_O95258,drug,drug_114943,0
dt_Q7Z2H8,drug,drug_56487,0
dt_Q9P2U8,drug,drug_64145,0
dt_Q13336,drug,drug_15103,0
dt_Q7LBE3,drug,drug_2663,0
dt_Q9H598,drug,drug_159273,0
dt_Q9UN76,drug,drug_60823,0
dt_Q9Y5Y0,drug,drug_178060,0
dt_Q16572,drug,drug_65368,0
dt_Q6P5W5,drug,drug_23723457,0
dt_P41440,drug,drug_67249,0
dt_Q8TF71,drug,drug_17134,0
dt_O60706,drug,drug_10508451,0
dt_P46059,drug,drug_5281628,0
dt_A0PJK1,drug,drug_4096,0
dt_Q9UPI3,drug,drug_21694,0
dt_P07355,drug,drug_3386,0
dt_P50443,drug,drug_6438814,0
dt_P43003,drug,drug_8388,0
dt_Q4G0N8,drug,drug_135440064,0
dt_Q9UM01,drug,drug_9782,0
dt_Q9NQ40,drug,drug_65576,0
dt_Q6ZMH5,drug,drug_65990,0
dt_Q92952,drug,drug_187888,0
dt_Q9UHI7,drug,drug_1051,0
dt_Q92536,drug,drug_139034,0
dt_Q8TCU3,drug,drug_7902,0
dt_Q9UBJ2,drug,drug_10297043,0
dt_Q8WWZ4,drug,drug_3308,0
dt_P22732,drug,drug_9956637,0
dt_Q4U2R8,drug,drug_61852,0
dt_Q96G79,drug,drug_11571200,0
dt_P54707,drug,drug_6100,0
dt_P48051,drug,drug_131351,0
dt_Q70HW3,drug,drug_39562,0
dt_Q9UIG8,drug,drug_160493,0
dt_Q96QE2,drug,drug_2449,0
dt_Q495M3,drug,drug_68578,0
dt_Q8TB61,drug,drug_6098,0
dt_Q96FL8,drug,drug_21823,0
dt_Q5M8T2,drug,drug_3305,0
dt_Q9NUM3,drug,drug_3686,0
dt_Q9NP59,drug,drug_91556,0
dt_P78363,drug,drug_5951,0
dt_P57057,drug,drug_23929,0
dt_Q8IZY2,drug,drug_134664,0
dt_P50443,drug,drug_135269,0
dt_Q8NFH8,drug,drug_4296,0
dt_Q8WY07,drug,drug_53378752,0
dt_P02730,drug,drug_5712057,0
dt_Q4G0N8,drug,drug_6032,0
dt_Q99758,drug,drug_124219,0
dt_Q9UHW9,drug,drug_108182,0
dt_Q02978,drug,drug_9841667,0
dt_Q86UG4,drug,drug_10922465,0
dt_P33527,drug,drug_55884,0
dt_Q9NYB5,drug,drug_146571,0
dt_Q6PIS1,drug,drug_123767,0
dt_Q9BRI3,drug,drug_6300,0
dt_Q9UBD6,drug,drug_22840180,0
dt_P51787,drug,drug_28598,0
dt_P21439,drug,drug_4424,0
dt_P11166,drug,drug_5606,0
dt_Q9H2Y9,drug,drug_5281243,0
dt_P14672,drug,drug_1293,0
dt_P12236,drug,drug_2733526,0
dt_O43826,drug,drug_65947,0
dt_Q9HC21,drug,drug_5077,0
dt_O95069,drug,drug_4031,0
dt_Q9NP78,drug,drug_5754,0
dt_O95342,drug,drug_5311268,0
dt_Q8NFF2,drug,drug_2747,0
dt_Q9Y345,drug,drug_4055,0
dt_Q9Y5Y0,drug,drug_3336,0
dt_P48029,drug,drug_114743,0
dt_Q6AI14,drug,drug_21059,0
dt_Q9Y694,drug,drug_3712,0
dt_Q96BD0,drug,drug_5491458,0
dt_Q9HAB3,drug,drug_11374,0
dt_P78363,drug,drug_65359,0
dt_O14975,drug,drug_16130996,0
dt_Q9UGH3,drug,drug_23652660,0
dt_Q53GD3,drug,drug_6466,0
dt_Q9NYB5,drug,drug_59823,0
dt_Q9H0U3,drug,drug_19675,0
dt_Q9HC21,drug,drug_2749,0
dt_Q86UW2,drug,drug_26248,0
dt_Q8N695,drug,drug_135449333,0
dt_Q6U841,drug,drug_3078104,0
dt_Q9UI40,drug,drug_107999,0
dt_Q9BYT1,drug,drug_5362032,0
dt_Q92504,drug,drug_3032313,0
dt_Q86UK0,drug,drug_76073169,0
dt_Q9HBR0,drug,drug_442670,0
dt_Q8NBW4,drug,drug_28693,0
dt_P20020,drug,drug_5280360,0
dt_Q13621,drug,drug_72812,0
dt_Q9Y698,drug,drug_60651,0
dt_P36021,drug,drug_11841,0
dt_O43772,drug,drug_8929,0
dt_Q06495,drug,drug_9338,0
dt_P48067,drug,drug_5366074,0
dt_Q969I6,drug,drug_101992975,0
dt_Q6KCM7,drug,drug_11579,0
dt_P14672,drug,drug_11754711,0
dt_P52569,drug,drug_17903,0
dt_Q9NP91,drug,drug_6335627,0
dt_P20020,drug,drug_6335986,0
dt_Q9NS40,drug,drug_6337614,0
dt_P11169,drug,drug_9850474,0
dt_Q9BSK2,drug,drug_160767,0
dt_Q6KCM7,drug,drug_7074739,0
dt_Q9UP95,drug,drug_10438,0
dt_Q495M3,drug,drug_13582,0
dt_Q8TAD4,drug,drug_21226412,0
dt_P33527,drug,drug_2330,0
dt_Q9P2U7,drug,drug_5353376,0
dt_Q9H2D1,drug,drug_11167602,0
dt_P48764,drug,drug_1293,0
dt_Q15858,drug,drug_3357,0
dt_Q05940,drug,drug_21908,0
dt_O14678,drug,drug_51556,0
dt_Q99758,drug,drug_3038525,0
dt_O15403,drug,drug_13130,0
dt_O43772,drug,drug_5281004,0
dt_P53007,drug,drug_9799888,0
dt_O60721,drug,drug_31573,0
dt_P57057,drug,drug_11137,0
dt_Q8TAD4,drug,drug_7276,0
dt_O60669,drug,drug_5486971,0
dt_Q9BQT8,drug,drug_1599,0
dt_Q8NFH8,drug,drug_21109,0
dt_Q6NXT4,drug,drug_11169,0
dt_Q6U841,drug,drug_13343339,0
dt_Q15849,drug,drug_16066765,0
dt_Q6U841,drug,drug_171175,0
dt_O76082,drug,drug_65872,0
dt_Q9NUM3,drug,drug_8759,0
dt_Q08289,drug,drug_10141893,0
dt_Q92887,drug,drug_66621102,0
dt_Q9NRM0,drug,drug_9411,0
dt_P25874,drug,drug_3118,0
dt_Q6ZQN7,drug,drug_10465,0
dt_O95847,drug,drug_6337033,0
dt_P45844,drug,drug_3289,0
dt_P53007,drug,drug_44191096,0
dt_Q8WUX1,drug,drug_42609701,0
dt_P28288,drug,drug_5321018,0
dt_P41440,drug,drug_87146076,0
dt_Q12960,drug,drug_177941,0
dt_Q15849,drug,drug_135544142,0
dt_Q9NYG8,drug,drug_119058,0
dt_Q02978,drug,drug_131750187,0
dt_O60779,drug,drug_4906,0
dt_Q8N697,drug,drug_10310632,0
dt_Q8IY34,drug,drug_24477,0
dt_P51787,drug,drug_68079,0
dt_Q9NWF4,drug,drug_151110,0
dt_Q6T423,drug,drug_60830,0
dt_Q9UNQ0,drug,drug_5192,0
dt_Q15043,drug,drug_9201,0
dt_Q9BY10,drug,drug_91708,0
dt_Q9NTN3,drug,drug_9171,0
dt_A0PJK1,drug,drug_46841787,0
dt_Q14940,drug,drug_72287,0
dt_P48067,drug,drug_19988,0
dt_Q96BD0,drug,drug_5458585,0
dt_Q86UD5,drug,drug_426719,0
dt_Q8TCC7,drug,drug_11706629,0
dt_Q9UBD6,drug,drug_23670520,0
dt_P13569,drug,drug_102004833,0
dt_Q2Y0W8,drug,drug_11717074,0
dt_Q86UK0,drug,drug_267891,0
dt_O95202,drug,drug_180541,0
dt_P08183,drug,drug_118856394,0
dt_Q2M3G0,drug,drug_11053,0
dt_Q96H72,drug,drug_170569,0
dt_O15440,drug,drug_5311024,0
dt_Q96A46,drug,drug_68210102,0
dt_O43497,drug,drug_644102,0
dt_P11166,drug,drug_22985,0
dt_Q8TAD4,drug,drug_15209,0
dt_Q9UI40,drug,drug_151515,0
dt_Q9BYT1,drug,drug_52919,0
dt_Q8TF71,drug,drug_220401,0
dt_Q86YT5,drug,drug_6918837,0
dt_P20020,drug,drug_76073169,0
dt_O43497,drug,drug_227037,0
dt_Q6T423,drug,drug_9898635,0
dt_Q86UW2,drug,drug_151144,0
dt_Q9NP78,drug,drug_129846570,0
dt_Q15878,drug,drug_9015,0
dt_Q9GZV3,drug,drug_122016,0
dt_P33897,drug,drug_165436,0
dt_Q9NYB5,drug,drug_5881,0
dt_A0PJK1,drug,drug_520,0
dt_Q8NBW4,drug,drug_58573469,0
dt_Q6P1K1,drug,drug_6178111,0
dt_Q9UP95,drug,drug_248271,0
dt_Q9NVC3,drug,drug_14055602,0
dt_Q695T7,drug,drug_19065601,0
dt_Q9H2J7,drug,drug_5461123,0
dt_Q695T7,drug,drug_204109,0
dt_Q8N357,drug,drug_60785,0
dt_Q8TAD4,drug,drug_119311,0
dt_Q9UGH3,drug,drug_91518,0
dt_Q09428,drug,drug_5314,0
dt_Q14973,drug,drug_29719,0
dt_Q16348,drug,drug_3579925,0
dt_Q92959,drug,drug_3080641,0
dt_P55017,drug,drug_60824,0
dt_Q8WWT9,drug,drug_68154,0
dt_A0PJK1,drug,drug_6445533,0
dt_Q96GZ6,drug,drug_9954767,0
dt_O95477,drug,drug_49836093,0
dt_P21439,drug,drug_3731,0
dt_Q9P2C5,drug,drug_10280735,0
dt_Q6NXT4,drug,drug_126094,0
dt_P30825,drug,drug_3248571,0
dt_O00305,drug,drug_7370,0
dt_Q6NT16,drug,drug_299,0
dt_Q96NT5,drug,drug_16132438,0
dt_Q8TF71,drug,drug_11980904,0
dt_P49281,drug,drug_4885,0
dt_Q9NRM0,drug,drug_33624,0
dt_O43826,drug,drug_16132435,0
dt_Q86UG4,drug,drug_6918811,0
dt_Q9BXS9,drug,drug_39327,0
dt_P12235,drug,drug_14240392,0
dt_Q9UBJ2,drug,drug_51,0
dt_P78363,drug,drug_6438716,0
dt_Q99758,drug,drug_6413529,0
dt_P57103,drug,drug_3004636,0
dt_Q9Y619,drug,drug_246983,0
dt_Q92952,drug,drug_17725,0
dt_Q99884,drug,drug_5584,0
dt_Q9NSD5,drug,drug_10229498,0
dt_P56381,drug,drug_496693,0
dt_Q96EP9,drug,drug_6441894,0
dt_Q8NFF2,drug,drug_56842165,0
dt_Q9NUM3,drug,drug_1548994,0
dt_P11166,drug,drug_5281006,0
dt_Q9UHI5,drug,drug_5757,0
dt_Q09428,drug,drug_5278396,0
dt_O15375,drug,drug_433873,0
dt_Q9NY16,drug,drug_1225,0
dt_Q9UGQ3,drug,drug_16130957,0
dt_O15244,drug,drug_91511,0
dt_O15375,drug,drug_516900,0
dt_Q6YBV0,drug,drug_135409453,0
dt_Q92504,drug,drug_92133,0
dt_O95788,drug,drug_174144,0
dt_Q9H936,drug,drug_19861,0
dt_Q9H2B4,drug,drug_58573469,0
dt_Q6PIS1,drug,drug_11967809,0
dt_Q9Y345,drug,drug_3998,0
dt_Q9UI40,drug,drug_65016,0
dt_Q8TAD4,drug,drug_10628815,0
dt_Q9UGH3,drug,drug_441805,0
dt_Q6P499,drug,drug_9165,0
dt_Q08AI6,drug,drug_9850771,0
dt_Q8TE54,drug,drug_5994,0
dt_O60669,drug,drug_3240,0
